site,model,condition,arm,split,auprc,auroc
A,RF,1_none,full,0,0.2028816852701516,0.74721656683682
A,RF,1_none,full,1,0.24318481571032494,0.7595085279610151
A,RF,1_none,full,2,0.1981193640000421,0.7178616707276004
A,RF,1_none,full,3,0.24040220271559704,0.7669147798181493
A,RF,1_none,full,4,0.2194534110467627,0.7628761316138746
A,RF,1_none,full,5,0.22073425952987094,0.739099859353024
A,RF,1_none,full,6,0.24144903709409637,0.7449609754164934
A,RF,1_none,full,7,0.22742098219916926,0.7693835304371943
A,RF,1_none,full,8,0.2020697514136376,0.743101364869951
A,RF,1_none,full,9,0.20604204907038878,0.7373442483310553
A,RF,1_none,full,10,0.22358507501659913,0.7661473547549495
A,RF,1_none,full,11,0.21192730703674378,0.7470904894910957
A,RF,1_none,full,12,0.22011526211084,0.7643395534953745
A,RF,1_none,full,13,0.20949746132617605,0.7346303559755155
A,RF,1_none,full,14,0.21438894027181055,0.739028050157485
A,RF,1_none,full,15,0.20582513022085744,0.7327363213439162
A,RF,1_none,full,16,0.2337485990949434,0.7649140270596857
A,RF,1_none,full,17,0.20732127726285834,0.7295120936590004
A,RF,1_none,full,18,0.2246486727585201,0.7709435233057982
A,RF,1_none,full,19,0.23940978175638494,0.7625368950694321
A,RF,1_none,full,20,0.21381193935681841,0.7175823473291828
A,RF,1_none,full,21,0.2220809632576054,0.7644485053782611
A,RF,1_none,full,22,0.20840685956119726,0.7483756264733266
A,RF,1_none,full,23,0.21572652384259244,0.7335284562508667
A,RF,1_none,full,24,0.22175967705400396,0.7671623977338009
A,RF,1_none,lab_indicators_only,0,0.20860585710181012,0.7427119294207902
A,RF,1_none,lab_indicators_only,1,0.22314972622723409,0.7450005942829977
A,RF,1_none,lab_indicators_only,2,0.2131600827332288,0.7174778629583407
A,RF,1_none,lab_indicators_only,3,0.21520563338247062,0.7555491174897486
A,RF,1_none,lab_indicators_only,4,0.19954754367168162,0.736284443652067
A,RF,1_none,lab_indicators_only,5,0.23260749126114472,0.7231320016130143
A,RF,1_none,lab_indicators_only,6,0.22630668652540478,0.7450525940452843
A,RF,1_none,lab_indicators_only,7,0.21635257752420783,0.7624626096947367
A,RF,1_none,lab_indicators_only,8,0.19123503402434355,0.7172847209841327
A,RF,1_none,lab_indicators_only,9,0.2010478566503341,0.7286132406251857
A,RF,1_none,lab_indicators_only,10,0.23828542007420883,0.7670104157445929
A,RF,1_none,lab_indicators_only,11,0.19396451778429777,0.7046314454943444
A,RF,1_none,lab_indicators_only,12,0.213660716166677,0.7547715972346031
A,RF,1_none,lab_indicators_only,13,0.2000955641595743,0.7228140290406291
A,RF,1_none,lab_indicators_only,14,0.20733794672174616,0.7316713218834809
A,RF,1_none,lab_indicators_only,15,0.17631070282646774,0.7129326369832699
A,RF,1_none,lab_indicators_only,16,0.22330951176881506,0.7486306729264476
A,RF,1_none,lab_indicators_only,17,0.20407658165325376,0.7170915790099246
A,RF,1_none,lab_indicators_only,18,0.2059294368736379,0.7533230324280422
A,RF,1_none,lab_indicators_only,19,0.22852365393247637,0.7582407242328796
A,RF,1_none,lab_indicators_only,20,0.21944008086663683,0.7181995219969904
A,RF,1_none,lab_indicators_only,21,0.2195337561676854,0.7464491590895583
A,RF,1_none,lab_indicators_only,22,0.20464948450654055,0.7500544759414434
A,RF,1_none,lab_indicators_only,23,0.2227037556135206,0.7268749628573127
A,RF,1_none,lab_indicators_only,24,0.21278818624562315,0.7485390542976564
A,RF,5_SMOTENC,full,0,0.16758794079130834,0.7218312629705035
A,RF,5_SMOTENC,full,1,0.18257592041181755,0.7346254036172025
A,RF,5_SMOTENC,full,2,0.20870842379680685,0.736433014401458
A,RF,5_SMOTENC,full,3,0.23490751640778684,0.7812221429844892
A,RF,5_SMOTENC,full,4,0.22679123015194683,0.7547319783680989
A,RF,5_SMOTENC,full,5,0.1828665922566928,0.738108937476026
A,RF,5_SMOTENC,full,6,0.18975174147115126,0.7246538301539194
A,RF,5_SMOTENC,full,7,0.21087575338034156,0.7694528634535767
A,RF,5_SMOTENC,full,8,0.19055236352715035,0.7423758443770924
A,RF,5_SMOTENC,full,9,0.1915342939005938,0.7428884134624909
A,RF,5_SMOTENC,full,10,0.1849687143013919,0.7467174176034935
A,RF,5_SMOTENC,full,11,0.2083256109632975,0.744824785562885
A,RF,5_SMOTENC,full,12,0.20138505687590808,0.7434257443394544
A,RF,5_SMOTENC,full,13,0.1675429437410501,0.7288559061825242
A,RF,5_SMOTENC,full,14,0.22077815014934707,0.7496186684098969
A,RF,5_SMOTENC,full,15,0.19470894702031288,0.7391096948058973
A,RF,5_SMOTENC,full,16,0.22238248720673087,0.7710326657554328
A,RF,5_SMOTENC,full,17,0.1661114752775299,0.6911263643747152
A,RF,5_SMOTENC,full,18,0.2030553765626262,0.7513495176403002
A,RF,5_SMOTENC,full,19,0.18140360231520197,0.7524662744398883
A,RF,5_SMOTENC,full,20,0.21532900835473773,0.7456207646081063
A,RF,5_SMOTENC,full,21,0.19276304570676356,0.745079832016006
A,RF,5_SMOTENC,full,22,0.1862775329979315,0.7279496246112399
A,RF,5_SMOTENC,full,23,0.1943676215839668,0.7351850201065747
A,RF,5_SMOTENC,full,24,0.18387176239741243,0.736861393395535
A,RF,5_SMOTENC,lab_indicators_only,0,0.16586431887726996,0.7044839829649956
A,RF,5_SMOTENC,lab_indicators_only,1,0.17038202754167736,0.7244804976129633
A,RF,5_SMOTENC,lab_indicators_only,2,0.20228962705674372,0.7339370258116915
A,RF,5_SMOTENC,lab_indicators_only,3,0.22842786573383023,0.7792114855093996
A,RF,5_SMOTENC,lab_indicators_only,4,0.20096578085124178,0.736534537746875
A,RF,5_SMOTENC,lab_indicators_only,5,0.18382839250872396,0.7331420337749452
A,RF,5_SMOTENC,lab_indicators_only,6,0.18222701671815864,0.7111314157801946
A,RF,5_SMOTENC,lab_indicators_only,7,0.21706620859873804,0.7653845010994235
A,RF,5_SMOTENC,lab_indicators_only,8,0.1881578903455551,0.712683980111329
A,RF,5_SMOTENC,lab_indicators_only,9,0.20319180770023945,0.7449609754164933
A,RF,5_SMOTENC,lab_indicators_only,10,0.1856543609940493,0.7304274487818792
A,RF,5_SMOTENC,lab_indicators_only,11,0.20664507895352915,0.7390973831738673
A,RF,5_SMOTENC,lab_indicators_only,12,0.20868605086344127,0.7490739089954636
A,RF,5_SMOTENC,lab_indicators_only,13,0.1762719323854684,0.7333377904558152
A,RF,5_SMOTENC,lab_indicators_only,14,0.1905073195559175,0.7232622174679583
A,RF,5_SMOTENC,lab_indicators_only,15,0.17948133005005898,0.7212091705762591
A,RF,5_SMOTENC,lab_indicators_only,16,0.23391051826090623,0.7629677502426655
A,RF,5_SMOTENC,lab_indicators_only,17,0.1669238849080803,0.6881475208494285
A,RF,5_SMOTENC,lab_indicators_only,18,0.18158348206087876,0.7353484479309047
A,RF,5_SMOTENC,lab_indicators_only,19,0.1848703613215006,0.751738277767873
A,RF,5_SMOTENC,lab_indicators_only,20,0.2245081316463605,0.750676187385048
A,RF,5_SMOTENC,lab_indicators_only,21,0.19275588528327356,0.7426878429508131
A,RF,5_SMOTENC,lab_indicators_only,22,0.1937506971609982,0.7270755333689903
A,RF,5_SMOTENC,lab_indicators_only,23,0.19878835753223642,0.7360492066321983
A,RF,5_SMOTENC,lab_indicators_only,24,0.18682503308865883,0.7312256096353084
A,xgboost,1_none,full,0,0.20027795961068415,0.7308184080335979
A,xgboost,1_none,full,1,0.21016263637461,0.7193993779837959
A,xgboost,1_none,full,2,0.24804107332473085,0.7400754739406905
A,xgboost,1_none,full,3,0.26656330232299624,0.7759404528436441
A,xgboost,1_none,full,4,0.22377645552242592,0.7609892830966106
A,xgboost,1_none,full,5,0.2130736584363828,0.7358639953576662
A,xgboost,1_none,full,6,0.20568064446824025,0.7106881797111785
A,xgboost,1_none,full,7,0.27335348614605526,0.7991372991818704
A,xgboost,1_none,full,8,0.2317269575280588,0.7386293853132863
A,xgboost,1_none,full,9,0.24183239829845055,0.7397882371585349
A,xgboost,1_none,full,10,0.24823205332757514,0.7292693242060331
A,xgboost,1_none,full,11,0.2175037674116385,0.7385451952219647
A,xgboost,1_none,full,12,0.20754816243985622,0.7359452071076248
A,xgboost,1_none,full,13,0.23382380454575824,0.7465779204056973
A,xgboost,1_none,full,14,0.24184706832584402,0.7399070937580475
A,xgboost,1_none,full,15,0.2239561952429326,0.7453650428333972
A,xgboost,1_none,full,16,0.24577177151308788,0.7842307006596542
A,xgboost,1_none,full,17,0.19236956883665285,0.7088607594936709
A,xgboost,1_none,full,18,0.2196907537448463,0.7476872486678156
A,xgboost,1_none,full,19,0.22679767173361734,0.7656940234939879
A,xgboost,1_none,full,20,0.24072895142263825,0.7319298142082951
A,xgboost,1_none,full,21,0.25390010372675664,0.7735286543451991
A,xgboost,1_none,full,22,0.2662643880626844,0.7682098215170065
A,xgboost,1_none,full,23,0.18832011026104392,0.7266793447039479
A,xgboost,1_none,full,24,0.22119875459630237,0.7485142925060914
A,xgboost,1_none,lab_indicators_only,0,0.21787416629388812,0.7268006255348027
A,xgboost,1_none,lab_indicators_only,1,0.20250629686799015,0.7303242804223371
A,xgboost,1_none,lab_indicators_only,2,0.24204748362766443,0.7366732037796397
A,xgboost,1_none,lab_indicators_only,3,0.24814651689856032,0.7629850834967611
A,xgboost,1_none,lab_indicators_only,4,0.22387475558130684,0.765535548027971
A,xgboost,1_none,lab_indicators_only,5,0.21123516754312988,0.7458223913920117
A,xgboost,1_none,lab_indicators_only,6,0.20388078213802627,0.7130702640597454
A,xgboost,1_none,lab_indicators_only,7,0.27348897481265155,0.8068827875834471
A,xgboost,1_none,lab_indicators_only,8,0.18969727334440023,0.7094500901329213
A,xgboost,1_none,lab_indicators_only,9,0.23004574319170734,0.7306610407876231
A,xgboost,1_none,lab_indicators_only,10,0.2262761337899269,0.7465108730931516
A,xgboost,1_none,lab_indicators_only,11,0.2020236264721452,0.7164131059210396
A,xgboost,1_none,lab_indicators_only,12,0.19892013070969805,0.727877815415701
A,xgboost,1_none,lab_indicators_only,13,0.22959849486550843,0.7434876488183673
A,xgboost,1_none,lab_indicators_only,14,0.2003842311302504,0.7263178225470969
A,xgboost,1_none,lab_indicators_only,15,0.21189295665503308,0.7272530563669805
A,xgboost,1_none,lab_indicators_only,16,0.2371118600881335,0.7727709435233058
A,xgboost,1_none,lab_indicators_only,17,0.21711980725427496,0.7006547017689824
A,xgboost,1_none,lab_indicators_only,18,0.1825183633899084,0.7198847090984727
A,xgboost,1_none,lab_indicators_only,19,0.23986643326722923,0.7484796259979002
A,xgboost,1_none,lab_indicators_only,20,0.2106376262139924,0.7221435385992349
A,xgboost,1_none,lab_indicators_only,21,0.2489195370353651,0.7729739902141399
A,xgboost,1_none,lab_indicators_only,22,0.2294894223322499,0.7572106337037697
A,xgboost,1_none,lab_indicators_only,23,0.17712165821433726,0.7125997900200076
A,xgboost,1_none,lab_indicators_only,24,0.23221444125097274,0.7334343614429192
A,xgboost,5_SMOTENC,full,0,0.19686599243358605,0.7280939875876585
A,xgboost,5_SMOTENC,full,1,0.18078653767128153,0.7116043659990888
A,xgboost,5_SMOTENC,full,2,0.25766663442677856,0.7275757215586063
A,xgboost,5_SMOTENC,full,3,0.2212225888046822,0.7565123511816327
A,xgboost,5_SMOTENC,full,4,0.2206079282007512,0.7483062934569441
A,xgboost,5_SMOTENC,full,5,0.17526659602578085,0.7052904901006166
A,xgboost,5_SMOTENC,full,6,0.187057765086596,0.701115271092094
A,xgboost,5_SMOTENC,full,7,0.24000165531501455,0.7713793308373448
A,xgboost,5_SMOTENC,full,8,0.20121973700008888,0.7249163051445099
A,xgboost,5_SMOTENC,full,9,0.1894481158176085,0.7191220459182663
A,xgboost,5_SMOTENC,full,10,0.1935580235518502,0.725900681596884
A,xgboost,5_SMOTENC,full,11,0.20932885943610113,0.7457954477922386
A,xgboost,5_SMOTENC,full,12,0.2130864332455165,0.7203749925714625
A,xgboost,5_SMOTENC,full,13,0.2091072787161419,0.7381391018402962
A,xgboost,5_SMOTENC,full,14,0.20211076243648504,0.7306560884293101
A,xgboost,5_SMOTENC,full,15,0.20704359243854314,0.7305282621738317
A,xgboost,5_SMOTENC,full,16,0.2063640601866192,0.7500693330163823
A,xgboost,5_SMOTENC,full,17,0.17106378111332732,0.6846734414928389
A,xgboost,5_SMOTENC,full,18,0.1938925784668138,0.7282195281392999
A,xgboost,5_SMOTENC,full,19,0.22041648336053724,0.7552247380202453
A,xgboost,5_SMOTENC,full,20,0.23157425405003343,0.741519380759887
A,xgboost,5_SMOTENC,full,21,0.2327759261509283,0.7599690972841266
A,xgboost,5_SMOTENC,full,22,0.2353776312845186,0.7423634634813098
A,xgboost,5_SMOTENC,full,23,0.19818800680041654,0.7418335611418159
A,xgboost,5_SMOTENC,full,24,0.19196132402452765,0.7381143400487312
A,xgboost,5_SMOTENC,lab_indicators_only,0,0.18709035501709637,0.702915228231684
A,xgboost,5_SMOTENC,lab_indicators_only,1,0.17843237525625427,0.7238366910322696
A,xgboost,5_SMOTENC,lab_indicators_only,2,0.23595572661965508,0.7206572769953052
A,xgboost,5_SMOTENC,lab_indicators_only,3,0.2390150721401048,0.7634307957449337
A,xgboost,5_SMOTENC,lab_indicators_only,4,0.19948686157108603,0.7305595174422058
A,xgboost,5_SMOTENC,lab_indicators_only,5,0.17506690542347145,0.699974427822529
A,xgboost,5_SMOTENC,lab_indicators_only,6,0.17721124776477434,0.6956478675145105
A,xgboost,5_SMOTENC,lab_indicators_only,7,0.23556019235241954,0.7739297953685546
A,xgboost,5_SMOTENC,lab_indicators_only,8,0.20141866222552832,0.7132733107505794
A,xgboost,5_SMOTENC,lab_indicators_only,9,0.18516321151125192,0.7131594065093797
A,xgboost,5_SMOTENC,lab_indicators_only,10,0.17790105848591103,0.7028119559765129
A,xgboost,5_SMOTENC,lab_indicators_only,11,0.19946413938187557,0.7258473485073592
A,xgboost,5_SMOTENC,lab_indicators_only,12,0.19123874956984066,0.708360571304055
A,xgboost,5_SMOTENC,lab_indicators_only,13,0.1937901571782292,0.7239951664982865
A,xgboost,5_SMOTENC,lab_indicators_only,14,0.17839017011266237,0.6956478675145104
A,xgboost,5_SMOTENC,lab_indicators_only,15,0.19425580152480063,0.7176438189096417
A,xgboost,5_SMOTENC,lab_indicators_only,16,0.2252472786408437,0.7480636278996058
A,xgboost,5_SMOTENC,lab_indicators_only,17,0.16455099647065907,0.6735454923634635
A,xgboost,5_SMOTENC,lab_indicators_only,18,0.1925083156169069,0.7264119173550445
A,xgboost,5_SMOTENC,lab_indicators_only,19,0.2037369870629795,0.7572997761534042
A,xgboost,5_SMOTENC,lab_indicators_only,20,0.21312377343356617,0.7280153039646711
A,xgboost,5_SMOTENC,lab_indicators_only,21,0.20801905518018438,0.7491729561617242
A,xgboost,5_SMOTENC,lab_indicators_only,22,0.20836234772516296,0.7202561359719499
A,xgboost,5_SMOTENC,lab_indicators_only,23,0.16634240842091422,0.6990798518254394
A,xgboost,5_SMOTENC,lab_indicators_only,24,0.18518981872840853,0.7255105881420733
A,lightgbm,1_none,full,0,0.21183795066142522,0.7317183519715166
A,lightgbm,1_none,full,1,0.21075086014443334,0.7149719696519483
A,lightgbm,1_none,full,2,0.23333959301793386,0.727887720132327
A,lightgbm,1_none,full,3,0.2614803417685183,0.7700867653176443
A,lightgbm,1_none,full,4,0.23608694687798376,0.7534220795943029
A,lightgbm,1_none,full,5,0.23556641762161654,0.738721194417397
A,lightgbm,1_none,full,6,0.20453253596908735,0.7136794041322476
A,lightgbm,1_none,full,7,0.26548896584121795,0.778693964065688
A,lightgbm,1_none,full,8,0.21007609780332387,0.7287989540619243
A,lightgbm,1_none,full,9,0.2451469256837245,0.7321715100730968
A,lightgbm,1_none,full,10,0.2377491760409278,0.7313888643002567
A,lightgbm,1_none,full,11,0.20809781757418294,0.7332907430518413
A,lightgbm,1_none,full,12,0.20875427357931606,0.732721221845843
A,lightgbm,1_none,full,13,0.22108100243699336,0.7362918721895367
A,lightgbm,1_none,full,14,0.2256993390310264,0.7357471127751035
A,lightgbm,1_none,full,15,0.23550155419950186,0.7431274773046925
A,lightgbm,1_none,full,16,0.2752392278840463,0.7676105861611299
A,lightgbm,1_none,full,17,0.20827363140165583,0.6904429389275173
A,lightgbm,1_none,full,18,0.20729233770910102,0.7399219508329866
A,lightgbm,1_none,full,19,0.24099332697674003,0.7400606168657514
A,lightgbm,1_none,full,20,0.2476964420398911,0.7510351814149282
A,lightgbm,1_none,full,21,0.2355510977668406,0.7578395832095245
A,lightgbm,1_none,full,22,0.22558143470322045,0.7504110457399814
A,lightgbm,1_none,full,23,0.1922118068303355,0.724941066936075
A,lightgbm,1_none,full,24,0.22610989562754,0.7327955072205383
A,lightgbm,1_none,lab_indicators_only,0,0.2265783303912961,0.717053691737236
A,lightgbm,1_none,lab_indicators_only,1,0.1922255768474835,0.7111338919593511
A,lightgbm,1_none,lab_indicators_only,2,0.23111631137299354,0.7295715219587567
A,lightgbm,1_none,lab_indicators_only,3,0.2297087338081058,0.740169568748638
A,lightgbm,1_none,lab_indicators_only,4,0.23400762736668304,0.7526693211307225
A,lightgbm,1_none,lab_indicators_only,5,0.21166306026154216,0.7350476527691717
A,lightgbm,1_none,lab_indicators_only,6,0.18282593794142277,0.6904528436441434
A,lightgbm,1_none,lab_indicators_only,7,0.2312035365768466,0.7520106574750897
A,lightgbm,1_none,lab_indicators_only,8,0.1998210226091108,0.7074047661496404
A,lightgbm,1_none,lab_indicators_only,9,0.22995570425616652,0.7297151403498345
A,lightgbm,1_none,lab_indicators_only,10,0.23752141927115855,0.7353132099967543
A,lightgbm,1_none,lab_indicators_only,11,0.2100003997252055,0.7175917671995404
A,lightgbm,1_none,lab_indicators_only,12,0.19807471290330717,0.7130950258513102
A,lightgbm,1_none,lab_indicators_only,13,0.23174906186472938,0.7504159980982944
A,lightgbm,1_none,lab_indicators_only,14,0.1934653092384908,0.7063598185455914
A,lightgbm,1_none,lab_indicators_only,15,0.22621895245583623,0.7107540841718057
A,lightgbm,1_none,lab_indicators_only,16,0.23629037794726415,0.7680562984093025
A,lightgbm,1_none,lab_indicators_only,17,0.1866394659730063,0.686084863612052
A,lightgbm,1_none,lab_indicators_only,18,0.18105057006652883,0.7100839919969889
A,lightgbm,1_none,lab_indicators_only,19,0.20658639445787932,0.7420564172659019
A,lightgbm,1_none,lab_indicators_only,20,0.23236517812598,0.7353574695346847
A,lightgbm,1_none,lab_indicators_only,21,0.22764435788310125,0.7469097284126702
A,lightgbm,1_none,lab_indicators_only,22,0.22687419388940325,0.7453249737525011
A,lightgbm,1_none,lab_indicators_only,23,0.18959409866576157,0.6988074721182227
A,lightgbm,1_none,lab_indicators_only,24,0.1962184890266632,0.7243170697886333
A,lightgbm,5_SMOTENC,full,0,0.1801802924368525,0.7146341703303729
A,lightgbm,5_SMOTENC,full,1,0.18560216569397783,0.7120104593807571
A,lightgbm,5_SMOTENC,full,2,0.22083203690410902,0.7245052594045285
A,lightgbm,5_SMOTENC,full,3,0.23175227093712722,0.7668825894891147
A,lightgbm,5_SMOTENC,full,4,0.20736158790552728,0.7335631227590579
A,lightgbm,5_SMOTENC,full,5,0.18889683345395,0.7285365829669627
A,lightgbm,5_SMOTENC,full,6,0.17768737177369495,0.7008379390265645
A,lightgbm,5_SMOTENC,full,7,0.23915142800408679,0.7697401002357324
A,lightgbm,5_SMOTENC,full,8,0.2225884469895578,0.731696083675046
A,lightgbm,5_SMOTENC,full,9,0.20416024709503577,0.7323398902557398
A,lightgbm,5_SMOTENC,full,10,0.1935694322110029,0.7259351056819412
A,lightgbm,5_SMOTENC,full,11,0.21554140743104924,0.7412788970107564
A,lightgbm,5_SMOTENC,full,12,0.19424906149278193,0.7057160119648977
A,lightgbm,5_SMOTENC,full,13,0.21055779254529428,0.7492819080446108
A,lightgbm,5_SMOTENC,full,14,0.19705102990141737,0.7197113765575167
A,lightgbm,5_SMOTENC,full,15,0.206312302044649,0.7505778328563137
A,lightgbm,5_SMOTENC,full,16,0.23624495805926712,0.7692597214793685
A,lightgbm,5_SMOTENC,full,17,0.16625339881036122,0.676729858758741
A,lightgbm,5_SMOTENC,full,18,0.18928063975606993,0.7219597472316316
A,lightgbm,5_SMOTENC,full,19,0.19025011630817235,0.7432202214694638
A,lightgbm,5_SMOTENC,full,20,0.2474927037405168,0.743324186362161
A,lightgbm,5_SMOTENC,full,21,0.2204687309116819,0.763292129712169
A,lightgbm,5_SMOTENC,full,22,0.19038221211305556,0.7359650165408768
A,lightgbm,5_SMOTENC,full,23,0.1833412940991248,0.7349844495948971
A,lightgbm,5_SMOTENC,full,24,0.18856896325680264,0.7268081060200868
A,lightgbm,5_SMOTENC,lab_indicators_only,0,0.18964016030887654,0.6910930138778241
A,lightgbm,5_SMOTENC,lab_indicators_only,1,0.16652626901036902,0.7059537251639231
A,lightgbm,5_SMOTENC,lab_indicators_only,2,0.22094208011490868,0.7129315980269806
A,lightgbm,5_SMOTENC,lab_indicators_only,3,0.2298670594194514,0.7377429131752542
A,lightgbm,5_SMOTENC,lab_indicators_only,4,0.19885638310813547,0.7317505596164894
A,lightgbm,5_SMOTENC,lab_indicators_only,5,0.17508578133087196,0.7011153403558467
A,lightgbm,5_SMOTENC,lab_indicators_only,6,0.17420052594096674,0.6812513618985361
A,lightgbm,5_SMOTENC,lab_indicators_only,7,0.23199405057355593,0.7591321487292249
A,lightgbm,5_SMOTENC,lab_indicators_only,8,0.19378435367495034,0.7071076246508587
A,lightgbm,5_SMOTENC,lab_indicators_only,9,0.19792416005656469,0.7315128464174641
A,lightgbm,5_SMOTENC,lab_indicators_only,10,0.19065390969871832,0.7078132837626507
A,lightgbm,5_SMOTENC,lab_indicators_only,11,0.19145385209216118,0.7108367504605693
A,lightgbm,5_SMOTENC,lab_indicators_only,12,0.19783316002484833,0.6904379865692042
A,lightgbm,5_SMOTENC,lab_indicators_only,13,0.19662125354841292,0.7254511598423169
A,lightgbm,5_SMOTENC,lab_indicators_only,14,0.17694229468296882,0.6938749232384461
A,lightgbm,5_SMOTENC,lab_indicators_only,15,0.19257130478345721,0.7197289349188084
A,lightgbm,5_SMOTENC,lab_indicators_only,16,0.2000819865932474,0.7300816148649988
A,lightgbm,5_SMOTENC,lab_indicators_only,17,0.16954061736048193,0.6802757473108695
A,lightgbm,5_SMOTENC,lab_indicators_only,18,0.1715131772294151,0.7149744458311048
A,lightgbm,5_SMOTENC,lab_indicators_only,19,0.19118130324679442,0.7468602048295399
A,lightgbm,5_SMOTENC,lab_indicators_only,20,0.2402980434289555,0.7336461007347083
A,lightgbm,5_SMOTENC,lab_indicators_only,21,0.21331588151527361,0.7573492997365345
A,lightgbm,5_SMOTENC,lab_indicators_only,22,0.2130781231111309,0.7406202333551238
A,lightgbm,5_SMOTENC,lab_indicators_only,23,0.176134674776118,0.7168241516610209
A,lightgbm,5_SMOTENC,lab_indicators_only,24,0.17743843735298792,0.7087270458192191
B,RF,1_none,full,0,0.18065833445417798,0.7880795265869129
B,RF,1_none,full,1,0.21031047174926012,0.7761122227425603
B,RF,1_none,full,2,0.15260614356338736,0.7173924025055567
B,RF,1_none,full,3,0.13452112602282368,0.7149332833455464
B,RF,1_none,full,4,0.1630751252017428,0.7375470765665207
B,RF,1_none,full,5,0.13671398824638178,0.7364255609008472
B,RF,1_none,full,6,0.14359795873067177,0.7086253139767551
B,RF,1_none,full,7,0.15745340509760908,0.7656681484474979
B,RF,1_none,full,8,0.15846495678470257,0.7501363303283857
B,RF,1_none,full,9,0.16224592620454356,0.7673182120277433
B,RF,1_none,full,10,0.17054443273423686,0.7405679254118949
B,RF,1_none,full,11,0.13633909445906478,0.7172463706415769
B,RF,1_none,full,12,0.17417508931607584,0.7440434094429851
B,RF,1_none,full,13,0.17225822055443057,0.7425955590395529
B,RF,1_none,full,14,0.16571789041985696,0.7505751435728771
B,RF,1_none,full,15,0.15358246212843463,0.7292477329813956
B,RF,1_none,full,16,0.18980627606195793,0.7607348120396782
B,RF,1_none,full,17,0.18690196394133726,0.7993197278911565
B,RF,1_none,full,18,0.1511389741227154,0.7394045772907757
B,RF,1_none,full,19,0.14441395991653955,0.7229000869105844
B,RF,1_none,full,20,0.142680631175339,0.7307122482864319
B,RF,1_none,full,21,0.19452678821934116,0.7936906637149305
B,RF,1_none,full,22,0.1678598483878466,0.7392781369973732
B,RF,1_none,full,23,0.13673859248888912,0.7289625262009849
B,RF,1_none,full,24,0.19778037633899942,0.7674673233244149
B,RF,1_none,lab_indicators_only,0,0.1709468956499202,0.7921835752905615
B,RF,1_none,lab_indicators_only,1,0.21820358707444426,0.7817914768615096
B,RF,1_none,lab_indicators_only,2,0.1361933021368131,0.6858372061695965
B,RF,1_none,lab_indicators_only,3,0.13649403318203998,0.7040694603023125
B,RF,1_none,lab_indicators_only,4,0.15340786579120702,0.7441335355566537
B,RF,1_none,lab_indicators_only,5,0.14933521069314734,0.7398654689429095
B,RF,1_none,lab_indicators_only,6,0.13844823177754906,0.7114053386691641
B,RF,1_none,lab_indicators_only,7,0.14834898818677578,0.7542306526571023
B,RF,1_none,lab_indicators_only,8,0.1805189040116997,0.7788977692950018
B,RF,1_none,lab_indicators_only,9,0.17156715193556907,0.7554148702305686
B,RF,1_none,lab_indicators_only,10,0.17195820302695053,0.7339648346034313
B,RF,1_none,lab_indicators_only,11,0.13599919576518196,0.7257907956916003
B,RF,1_none,lab_indicators_only,12,0.16711379193142434,0.7427215935879302
B,RF,1_none,lab_indicators_only,13,0.1572039822629734,0.7216731139551132
B,RF,1_none,lab_indicators_only,14,0.17959336545119972,0.7412450367239822
B,RF,1_none,lab_indicators_only,15,0.1523164955525712,0.7389373749414619
B,RF,1_none,lab_indicators_only,16,0.1925147777721031,0.7629315849972328
B,RF,1_none,lab_indicators_only,17,0.1804417585637591,0.7993407759143261
B,RF,1_none,lab_indicators_only,18,0.13990951846825864,0.7346713587021353
B,RF,1_none,lab_indicators_only,19,0.12384525465739021,0.6953187573490567
B,RF,1_none,lab_indicators_only,20,0.13705810882061503,0.7413214696240794
B,RF,1_none,lab_indicators_only,21,0.1998231298871806,0.7816382136319129
B,RF,1_none,lab_indicators_only,22,0.16324964858678798,0.730707381962686
B,RF,1_none,lab_indicators_only,23,0.12910418049754105,0.7213280278113869
B,RF,1_none,lab_indicators_only,24,0.1705797977210335,0.7496123106286532
B,RF,5_SMOTENC,full,0,0.1292391346806957,0.7409808846694197
B,RF,5_SMOTENC,full,1,0.11911046657704497,0.7091234194729449
B,RF,5_SMOTENC,full,2,0.13492450793357214,0.7120798814575336
B,RF,5_SMOTENC,full,3,0.11295318807903133,0.6747627000221537
B,RF,5_SMOTENC,full,4,0.12257997909435092,0.699723931085019
B,RF,5_SMOTENC,full,5,0.13276219971690809,0.7244029120013624
B,RF,5_SMOTENC,full,6,0.1118256494695424,0.6854144493167014
B,RF,5_SMOTENC,full,7,0.1191264583763423,0.7036901394221056
B,RF,5_SMOTENC,full,8,0.1390516030208256,0.7400734479644177
B,RF,5_SMOTENC,full,9,0.10213879887687223,0.6726027163817931
B,RF,5_SMOTENC,full,10,0.09276504809678367,0.6543956745710758
B,RF,5_SMOTENC,full,11,0.1698605597606599,0.7202648048022479
B,RF,5_SMOTENC,full,12,0.11881002461099813,0.7003687613659324
B,RF,5_SMOTENC,full,13,0.10974165554557876,0.7191041393295956
B,RF,5_SMOTENC,full,14,0.12642510943682386,0.6931715546769823
B,RF,5_SMOTENC,full,15,0.10855756343005285,0.6715270977904552
B,RF,5_SMOTENC,full,16,0.14310643140350646,0.7319851845544724
B,RF,5_SMOTENC,full,17,0.14067458302292546,0.7576320132013202
B,RF,5_SMOTENC,full,18,0.11388650664788526,0.6925325062626745
B,RF,5_SMOTENC,full,19,0.11564768191549556,0.6770206710860416
B,RF,5_SMOTENC,full,20,0.13360661856601455,0.720060453829452
B,RF,5_SMOTENC,full,21,0.10923513079274239,0.6916343820511729
B,RF,5_SMOTENC,full,22,0.120575181684154,0.6771149053680878
B,RF,5_SMOTENC,full,23,0.12048367854809616,0.7121385116136398
B,RF,5_SMOTENC,full,24,0.11600840045029501,0.6801264463795779
B,RF,5_SMOTENC,lab_indicators_only,0,0.12819649048333068,0.7370897015624335
B,RF,5_SMOTENC,lab_indicators_only,1,0.11027803446825096,0.6929754353101452
B,RF,5_SMOTENC,lab_indicators_only,2,0.13142394001700783,0.7068094564558496
B,RF,5_SMOTENC,lab_indicators_only,3,0.1077459616456908,0.6715972802099487
B,RF,5_SMOTENC,lab_indicators_only,4,0.12248984818861611,0.6968609941889197
B,RF,5_SMOTENC,lab_indicators_only,5,0.13308483170608115,0.7158286857678062
B,RF,5_SMOTENC,lab_indicators_only,6,0.11934893556004365,0.6861722508408191
B,RF,5_SMOTENC,lab_indicators_only,7,0.11446630683792818,0.6861992321681147
B,RF,5_SMOTENC,lab_indicators_only,8,0.12378962645109697,0.7354936009952113
B,RF,5_SMOTENC,lab_indicators_only,9,0.08990157071571578,0.6497290434723334
B,RF,5_SMOTENC,lab_indicators_only,10,0.08545990731041729,0.6434118097833028
B,RF,5_SMOTENC,lab_indicators_only,11,0.1066106346680934,0.6815488100813147
B,RF,5_SMOTENC,lab_indicators_only,12,0.11346447385376704,0.6995520980669494
B,RF,5_SMOTENC,lab_indicators_only,13,0.11377477441298793,0.6991317462210936
B,RF,5_SMOTENC,lab_indicators_only,14,0.11843087618485677,0.6791849150491642
B,RF,5_SMOTENC,lab_indicators_only,15,0.12474990471448125,0.684086167993529
B,RF,5_SMOTENC,lab_indicators_only,16,0.14191619069781977,0.728996551577334
B,RF,5_SMOTENC,lab_indicators_only,17,0.14728378121760366,0.7433067286320469
B,RF,5_SMOTENC,lab_indicators_only,18,0.11869683664250066,0.6906025800514647
B,RF,5_SMOTENC,lab_indicators_only,19,0.09592031002833572,0.6443141732417648
B,RF,5_SMOTENC,lab_indicators_only,20,0.13018222974636948,0.6923155519604922
B,RF,5_SMOTENC,lab_indicators_only,21,0.12045429940637996,0.7070884243688536
B,RF,5_SMOTENC,lab_indicators_only,22,0.11413110760653854,0.6820780292314945
B,RF,5_SMOTENC,lab_indicators_only,23,0.13133739986912105,0.7073115659242344
B,RF,5_SMOTENC,lab_indicators_only,24,0.11924760548033313,0.6997750549581637
B,xgboost,1_none,full,0,0.1701182157053529,0.7315935118566137
B,xgboost,1_none,full,1,0.16753608847115253,0.7456256119885903
B,xgboost,1_none,full,2,0.21070208393793768,0.718310096315754
B,xgboost,1_none,full,3,0.10594695800363856,0.677135699800617
B,xgboost,1_none,full,4,0.1345743825322256,0.7157512653158604
B,xgboost,1_none,full,5,0.15077346684331636,0.7090723317297458
B,xgboost,1_none,full,6,0.1404135215122175,0.70112818766231
B,xgboost,1_none,full,7,0.1541865833545087,0.7381878493971846
B,xgboost,1_none,full,8,0.1764495206062561,0.7537022204802235
B,xgboost,1_none,full,9,0.13713869179930915,0.6792573405361191
B,xgboost,1_none,full,10,0.13750632890525658,0.7223125718421388
B,xgboost,1_none,full,11,0.12183476818695926,0.6842777470305249
B,xgboost,1_none,full,12,0.18031888487320827,0.721450461372668
B,xgboost,1_none,full,13,0.14747404380344833,0.7264191135120397
B,xgboost,1_none,full,14,0.14716646861684468,0.6951653857296227
B,xgboost,1_none,full,15,0.15135169211278038,0.7098131040061305
B,xgboost,1_none,full,16,0.16709469455945447,0.745983226190983
B,xgboost,1_none,full,17,0.17138726651730815,0.7602882737253316
B,xgboost,1_none,full,18,0.1841465819182787,0.698582164584789
B,xgboost,1_none,full,19,0.11579387491429831,0.6702936214447607
B,xgboost,1_none,full,20,0.11979401417980964,0.7032994167482651
B,xgboost,1_none,full,21,0.18748311067840806,0.7393673634467197
B,xgboost,1_none,full,22,0.1213996621989008,0.6865949350037045
B,xgboost,1_none,full,23,0.15713152431486035,0.7232579540225967
B,xgboost,1_none,full,24,0.1570902669922957,0.7403759308805236
B,xgboost,1_none,lab_indicators_only,0,0.16437101924366726,0.7203627229767126
B,xgboost,1_none,lab_indicators_only,1,0.18632078612532585,0.7348375835497467
B,xgboost,1_none,lab_indicators_only,2,0.20752373998313245,0.7196992658449519
B,xgboost,1_none,lab_indicators_only,3,0.10380469573364302,0.6855029737052879
B,xgboost,1_none,lab_indicators_only,4,0.1603305262894526,0.7392512056713417
B,xgboost,1_none,lab_indicators_only,5,0.18550054119955772,0.726825322491379
B,xgboost,1_none,lab_indicators_only,6,0.14231195072519442,0.7072416875984503
B,xgboost,1_none,lab_indicators_only,7,0.16336312262855845,0.7083670101704048
B,xgboost,1_none,lab_indicators_only,8,0.17012801610283107,0.7454457149673659
B,xgboost,1_none,lab_indicators_only,9,0.1650822790840524,0.7152059440023175
B,xgboost,1_none,lab_indicators_only,10,0.16561043682982726,0.7257354506364682
B,xgboost,1_none,lab_indicators_only,11,0.10824152115045368,0.667410277151007
B,xgboost,1_none,lab_indicators_only,12,0.16684050957754737,0.712239846433623
B,xgboost,1_none,lab_indicators_only,13,0.17838016718625244,0.7284896303743972
B,xgboost,1_none,lab_indicators_only,14,0.15333493311193486,0.692890373374687
B,xgboost,1_none,lab_indicators_only,15,0.15081639460616367,0.7065945761845971
B,xgboost,1_none,lab_indicators_only,16,0.15475772924396813,0.7429520200945122
B,xgboost,1_none,lab_indicators_only,17,0.19914125956820997,0.7546726611436654
B,xgboost,1_none,lab_indicators_only,18,0.179128643302261,0.6948586424907551
B,xgboost,1_none,lab_indicators_only,19,0.12451194335196349,0.6682997903921202
B,xgboost,1_none,lab_indicators_only,20,0.13199083042335105,0.724935075993018
B,xgboost,1_none,lab_indicators_only,21,0.20144712926212485,0.72306185874239
B,xgboost,1_none,lab_indicators_only,22,0.13313337135256512,0.6867633191890617
B,xgboost,1_none,lab_indicators_only,23,0.17210829928235258,0.7297762478485371
B,xgboost,1_none,lab_indicators_only,24,0.16979761314238198,0.7462977795197764
B,xgboost,5_SMOTENC,full,0,0.14400143656390854,0.6670952360679467
B,xgboost,5_SMOTENC,full,1,0.16277702808876843,0.6651539018263868
B,xgboost,5_SMOTENC,full,2,0.180058120486355,0.7066579106890282
B,xgboost,5_SMOTENC,full,3,0.09961211101130994,0.6417409382934851
B,xgboost,5_SMOTENC,full,4,0.16653638701496376,0.7087728566316183
B,xgboost,5_SMOTENC,full,5,0.158663177810885,0.7025416152241474
B,xgboost,5_SMOTENC,full,6,0.10023062173016103,0.6412788965047469
B,xgboost,5_SMOTENC,full,7,0.1336218400800764,0.6851299925910959
B,xgboost,5_SMOTENC,full,8,0.1252656474831283,0.7092244508443959
B,xgboost,5_SMOTENC,full,9,0.115711690784507,0.6413063853717558
B,xgboost,5_SMOTENC,full,10,0.10805566876934983,0.6639533398612116
B,xgboost,5_SMOTENC,full,11,0.11755298078398144,0.67725318234067
B,xgboost,5_SMOTENC,full,12,0.13503718773247667,0.6533222199770997
B,xgboost,5_SMOTENC,full,13,0.11793257635512727,0.6794873979652698
B,xgboost,5_SMOTENC,full,14,0.16614246739124505,0.6921064739864692
B,xgboost,5_SMOTENC,full,15,0.13403075685364652,0.6554131721231216
B,xgboost,5_SMOTENC,full,16,0.13016482320583156,0.7015028311124357
B,xgboost,5_SMOTENC,full,17,0.16355301446969775,0.7094615073752272
B,xgboost,5_SMOTENC,full,18,0.1183760061421101,0.6611935720250166
B,xgboost,5_SMOTENC,full,19,0.13909612173722402,0.6711371653516471
B,xgboost,5_SMOTENC,full,20,0.12050180763131367,0.6641662054578739
B,xgboost,5_SMOTENC,full,21,0.17142156915358403,0.7129039124696668
B,xgboost,5_SMOTENC,full,22,0.11274910721759059,0.6576496935407826
B,xgboost,5_SMOTENC,full,23,0.13644474271233914,0.6979942400436256
B,xgboost,5_SMOTENC,full,24,0.14109953293826816,0.7007634498389598
B,xgboost,5_SMOTENC,lab_indicators_only,0,0.1367025545113608,0.6934735408063348
B,xgboost,5_SMOTENC,lab_indicators_only,1,0.14579217604453795,0.699323087402614
B,xgboost,5_SMOTENC,lab_indicators_only,2,0.16559226443251035,0.7048646191149728
B,xgboost,5_SMOTENC,lab_indicators_only,3,0.10702894051129241,0.6448765358463557
B,xgboost,5_SMOTENC,lab_indicators_only,4,0.15100768601053724,0.6908539390944257
B,xgboost,5_SMOTENC,lab_indicators_only,5,0.16572731758791145,0.7085444250500235
B,xgboost,5_SMOTENC,lab_indicators_only,6,0.11480146315049047,0.6523904806505173
B,xgboost,5_SMOTENC,lab_indicators_only,7,0.12940503512165388,0.6701269616757594
B,xgboost,5_SMOTENC,lab_indicators_only,8,0.13004478038345663,0.7114312980351392
B,xgboost,5_SMOTENC,lab_indicators_only,9,0.10238096294221036,0.6315417256011315
B,xgboost,5_SMOTENC,lab_indicators_only,10,0.13614310806743413,0.6802077568223422
B,xgboost,5_SMOTENC,lab_indicators_only,11,0.13171252630965874,0.6806505172633999
B,xgboost,5_SMOTENC,lab_indicators_only,12,0.1411134940434543,0.6583063918636762
B,xgboost,5_SMOTENC,lab_indicators_only,13,0.13459127404656246,0.6962049044835636
B,xgboost,5_SMOTENC,lab_indicators_only,14,0.16811706087904105,0.6920212675312282
B,xgboost,5_SMOTENC,lab_indicators_only,15,0.14054074949787726,0.6903146153518669
B,xgboost,5_SMOTENC,lab_indicators_only,16,0.12897141625968922,0.7052662948614246
B,xgboost,5_SMOTENC,lab_indicators_only,17,0.18479222427191025,0.718756314406951
B,xgboost,5_SMOTENC,lab_indicators_only,18,0.1282154420528027,0.6730543105945705
B,xgboost,5_SMOTENC,lab_indicators_only,19,0.14958087919074056,0.6495628908846135
B,xgboost,5_SMOTENC,lab_indicators_only,20,0.12226133490516955,0.6647111413853293
B,xgboost,5_SMOTENC,lab_indicators_only,21,0.1398606532320909,0.7239558942483715
B,xgboost,5_SMOTENC,lab_indicators_only,22,0.10185678706581561,0.6394389438943895
B,xgboost,5_SMOTENC,lab_indicators_only,23,0.14379921935448245,0.731233278233159
B,xgboost,5_SMOTENC,lab_indicators_only,24,0.1356579261405216,0.6888771493328334
B,lightgbm,1_none,full,0,0.15470768301635113,0.6839371620758652
B,lightgbm,1_none,full,1,0.15240858228731408,0.6833411384052109
B,lightgbm,1_none,full,2,0.16840726444999465,0.7012443591297906
B,lightgbm,1_none,full,3,0.10917865575704915,0.6616366455922701
B,lightgbm,1_none,full,4,0.12746319964367075,0.709880540549752
B,lightgbm,1_none,full,5,0.15583736607894869,0.7016390650942994
B,lightgbm,1_none,full,6,0.1368829523909802,0.6851547532887735
B,lightgbm,1_none,full,7,0.1716136264746083,0.7016737388024517
B,lightgbm,1_none,full,8,0.156043005904621,0.725958998653738
B,lightgbm,1_none,full,9,0.12711580374246598,0.6676777832688605
B,lightgbm,1_none,full,10,0.14294112437884476,0.677789603644259
B,lightgbm,1_none,full,11,0.11506153925035711,0.6873940993656605
B,lightgbm,1_none,full,12,0.14583636413282222,0.7110864147639253
B,lightgbm,1_none,full,13,0.13942404150774146,0.6878972750975614
B,lightgbm,1_none,full,14,0.15817705273489743,0.6877950273512723
B,lightgbm,1_none,full,15,0.132847530650803,0.6772957554600025
B,lightgbm,1_none,full,16,0.14491385576355736,0.7223381157137382
B,lightgbm,1_none,full,17,0.15762135919314665,0.7219556139287399
B,lightgbm,1_none,full,18,0.1376238662298142,0.6845401407610642
B,lightgbm,1_none,full,19,0.11178631778029124,0.6571377447555427
B,lightgbm,1_none,full,20,0.11288737003265384,0.6616543914172592
B,lightgbm,1_none,full,21,0.1557857648036184,0.7029843756652049
B,lightgbm,1_none,full,22,0.11135738359497521,0.6503418198962753
B,lightgbm,1_none,full,23,0.15367896342681098,0.7017007208466113
B,lightgbm,1_none,full,24,0.14194433022212818,0.6872837886198259
B,lightgbm,1_none,lab_indicators_only,0,0.15896377638290904,0.6899740303972073
B,lightgbm,1_none,lab_indicators_only,1,0.15763871186089518,0.6955000212865597
B,lightgbm,1_none,lab_indicators_only,2,0.1627829780362019,0.7007644642015223
B,lightgbm,1_none,lab_indicators_only,3,0.11113317603952041,0.650755781257988
B,lightgbm,1_none,lab_indicators_only,4,0.13398553978813982,0.7094374669824987
B,lightgbm,1_none,lab_indicators_only,5,0.16867317042173685,0.707531184809911
B,lightgbm,1_none,lab_indicators_only,6,0.1516488336423786,0.688892673166163
B,lightgbm,1_none,lab_indicators_only,7,0.1744343330971584,0.6953424934330168
B,lightgbm,1_none,lab_indicators_only,8,0.16014912714435994,0.7169015524616146
B,lightgbm,1_none,lab_indicators_only,9,0.1305262341163148,0.6854859324142397
B,lightgbm,1_none,lab_indicators_only,10,0.1524550687557882,0.6937374941461961
B,lightgbm,1_none,lab_indicators_only,11,0.11233232195769513,0.6862701690152838
B,lightgbm,1_none,lab_indicators_only,12,0.15445490916017576,0.6879756853236344
B,lightgbm,1_none,lab_indicators_only,13,0.14743018319835646,0.7220735842947461
B,lightgbm,1_none,lab_indicators_only,14,0.14683552949338502,0.6826826400368093
B,lightgbm,1_none,lab_indicators_only,15,0.13136785723216887,0.6974072970326536
B,lightgbm,1_none,lab_indicators_only,16,0.15152900441894057,0.7273702584188343
B,lightgbm,1_none,lab_indicators_only,17,0.15428996724449118,0.6829662558092545
B,lightgbm,1_none,lab_indicators_only,18,0.16570658208139236,0.6789676385882994
B,lightgbm,1_none,lab_indicators_only,19,0.11937658568111298,0.6483955624478109
B,lightgbm,1_none,lab_indicators_only,20,0.11236980199191819,0.6838860743326665
B,lightgbm,1_none,lab_indicators_only,21,0.16812401448401992,0.6930307803652773
B,lightgbm,1_none,lab_indicators_only,22,0.14422526074534026,0.6880514582070452
B,lightgbm,1_none,lab_indicators_only,23,0.17163207625179266,0.7190913583613096
B,lightgbm,1_none,lab_indicators_only,24,0.15614768082502015,0.7161517356554934
B,lightgbm,5_SMOTENC,full,0,0.12883788645069943,0.6444803950785475
B,lightgbm,5_SMOTENC,full,1,0.13868252454621455,0.6499638128485673
B,lightgbm,5_SMOTENC,full,2,0.16597339863675176,0.686182393749579
B,lightgbm,5_SMOTENC,full,3,0.0995394746750459,0.6219815613230859
B,lightgbm,5_SMOTENC,full,4,0.13090169802474316,0.6710178763143095
B,lightgbm,5_SMOTENC,full,5,0.1761686159334722,0.6844565541317211
B,lightgbm,5_SMOTENC,full,6,0.11370192409977797,0.6400357614202393
B,lightgbm,5_SMOTENC,full,7,0.14471734983150525,0.6476476729305582
B,lightgbm,5_SMOTENC,full,8,0.12662160835711683,0.708653567594281
B,lightgbm,5_SMOTENC,full,9,0.10267119539895844,0.6316439733474208
B,lightgbm,5_SMOTENC,full,10,0.11745433693144543,0.6536421303588913
B,lightgbm,5_SMOTENC,full,11,0.12505523299730517,0.6657328962493082
B,lightgbm,5_SMOTENC,full,12,0.126329306370467,0.678672459082643
B,lightgbm,5_SMOTENC,full,13,0.13412257046931558,0.6884511170566282
B,lightgbm,5_SMOTENC,full,14,0.15520035194994777,0.647747993387979
B,lightgbm,5_SMOTENC,full,15,0.10343695907668853,0.6407254459534251
B,lightgbm,5_SMOTENC,full,16,0.11533621580231784,0.6888671292945634
B,lightgbm,5_SMOTENC,full,17,0.16869463148035044,0.6804573314474305
B,lightgbm,5_SMOTENC,full,18,0.1206271027383456,0.6561493498747466
B,lightgbm,5_SMOTENC,full,19,0.13746011542044811,0.6538146930011417
B,lightgbm,5_SMOTENC,full,20,0.12335368821831061,0.6627357486483034
B,lightgbm,5_SMOTENC,full,21,0.1724278077735515,0.701060070671378
B,lightgbm,5_SMOTENC,full,22,0.12397267487635766,0.63565029972385
B,lightgbm,5_SMOTENC,full,23,0.11993324593688234,0.6888260254596887
B,lightgbm,5_SMOTENC,full,24,0.1320490615898696,0.6862187079293126
B,lightgbm,5_SMOTENC,lab_indicators_only,0,0.11729548384197266,0.6643279833113372
B,lightgbm,5_SMOTENC,lab_indicators_only,1,0.14636921048495466,0.685631572225297
B,lightgbm,5_SMOTENC,lab_indicators_only,2,0.1698227788438071,0.7037617027008823
B,lightgbm,5_SMOTENC,lab_indicators_only,3,0.10159149281300378,0.6314735604369387
B,lightgbm,5_SMOTENC,lab_indicators_only,4,0.14741584932142815,0.6980368432712463
B,lightgbm,5_SMOTENC,lab_indicators_only,5,0.17041230547925335,0.7057175699263486
B,lightgbm,5_SMOTENC,lab_indicators_only,6,0.10412863702237385,0.6436715058112307
B,lightgbm,5_SMOTENC,lab_indicators_only,7,0.14357120549720265,0.6491547113895063
B,lightgbm,5_SMOTENC,lab_indicators_only,8,0.12359881887348802,0.6997665343126395
B,lightgbm,5_SMOTENC,lab_indicators_only,9,0.10083293302485875,0.6285424583766466
B,lightgbm,5_SMOTENC,lab_indicators_only,10,0.11968962036042406,0.6891055387628251
B,lightgbm,5_SMOTENC,lab_indicators_only,11,0.10825762456924835,0.6635786964110861
B,lightgbm,5_SMOTENC,lab_indicators_only,12,0.13940920109616384,0.6837155654340944
B,lightgbm,5_SMOTENC,lab_indicators_only,13,0.11763284772257876,0.6853922053134744
B,lightgbm,5_SMOTENC,lab_indicators_only,14,0.17161275685979327,0.6538913788108588
B,lightgbm,5_SMOTENC,lab_indicators_only,15,0.11991022144021077,0.6741708885010006
B,lightgbm,5_SMOTENC,lab_indicators_only,16,0.12785606283357448,0.6802673591894078
B,lightgbm,5_SMOTENC,lab_indicators_only,17,0.16013343168850191,0.6961507375227318
B,lightgbm,5_SMOTENC,lab_indicators_only,18,0.11967839623563503,0.6421925325062626
B,lightgbm,5_SMOTENC,lab_indicators_only,19,0.11634120897882874,0.6356145941616536
B,lightgbm,5_SMOTENC,lab_indicators_only,20,0.09814106726808232,0.6513431819149389
B,lightgbm,5_SMOTENC,lab_indicators_only,21,0.12952808093562967,0.6922814934650262
B,lightgbm,5_SMOTENC,lab_indicators_only,22,0.11029647474591786,0.6313733414157742
B,lightgbm,5_SMOTENC,lab_indicators_only,23,0.1154535425815954,0.6939043301920554
B,lightgbm,5_SMOTENC,lab_indicators_only,24,0.15431497911347214,0.6622756940065778
A,RF,1_none,lab_values_dropped,0,0.22308856366433477,0.7591051704975755
A,RF,1_none,lab_values_dropped,1,0.21909111540599568,0.7499182860878351
A,RF,1_none,lab_values_dropped,2,0.21941744288169412,0.7423411778689011
A,RF,1_none,lab_values_dropped,3,0.23919330741481215,0.7756878825696797
A,RF,1_none,lab_values_dropped,4,0.23417007208598545,0.7606203324022901
A,RF,1_none,lab_values_dropped,5,0.22697010989083208,0.7385121910438367
A,RF,1_none,lab_values_dropped,6,0.23862032156638355,0.7363587290267625
A,RF,1_none,lab_values_dropped,7,0.25108671472915806,0.7827053742992413
A,RF,1_none,lab_values_dropped,8,0.20226424600801443,0.732186367148036
A,RF,1_none,lab_values_dropped,9,0.20932734067032682,0.746114874903429
A,RF,1_none,lab_values_dropped,10,0.23283141350078995,0.7595871076883736
A,RF,1_none,lab_values_dropped,11,0.20265930487624906,0.7283532418137517
A,RF,1_none,lab_values_dropped,12,0.23644804969191485,0.7451367841366058
A,RF,1_none,lab_values_dropped,13,0.2080257643786334,0.732547889304887
A,RF,1_none,lab_values_dropped,14,0.2281283272595875,0.765627166656762
A,RF,1_none,lab_values_dropped,15,0.20600976418259467,0.7357066281116914
A,RF,1_none,lab_values_dropped,16,0.2419276365608554,0.7591791961331986
A,RF,1_none,lab_values_dropped,17,0.19521749657713722,0.7219473663358491
A,RF,1_none,lab_values_dropped,18,0.23587497955007874,0.7605980467898814
A,RF,1_none,lab_values_dropped,19,0.2649782691853432,0.7833912759255958
A,RF,1_none,lab_values_dropped,20,0.20035697506453962,0.729013602431324
A,RF,1_none,lab_values_dropped,21,0.24046903071695808,0.759248529149581
A,RF,1_none,lab_values_dropped,22,0.2320082390357625,0.760610427685664
A,RF,1_none,lab_values_dropped,23,0.2115787173473309,0.7265604881044353
A,RF,1_none,lab_values_dropped,24,0.2344106582193787,0.7743680790792575
A,RF,1_none,ordering_only,0,0.14693833497210795,0.6191589704247932
A,RF,1_none,ordering_only,1,0.13823924680222077,0.620055070224441
A,RF,1_none,ordering_only,2,0.138260646867077,0.6308784493175651
A,RF,1_none,ordering_only,3,0.17635458342177882,0.637252134466433
A,RF,1_none,ordering_only,4,0.1506100922994265,0.6600131732731127
A,RF,1_none,ordering_only,5,0.146103445416591,0.6011010789491802
A,RF,1_none,ordering_only,6,0.1537754680162528,0.6344045284364415
A,RF,1_none,ordering_only,7,0.160773284108219,0.6667087617123274
A,RF,1_none,ordering_only,8,0.1732688204752597,0.6715100730968088
A,RF,1_none,ordering_only,9,0.1662704597578341,0.6338003407222519
A,RF,1_none,ordering_only,10,0.14417742948757803,0.6310377386326753
A,RF,1_none,ordering_only,11,0.15931991855784483,0.6383317485786731
A,RF,1_none,ordering_only,12,0.15419828501660493,0.6316312077811452
A,RF,1_none,ordering_only,13,0.1614877082386604,0.6633683960301896
A,RF,1_none,ordering_only,14,0.16048002622878677,0.6680558031734711
A,RF,1_none,ordering_only,15,0.1511580637760192,0.6391003511256675
A,RF,1_none,ordering_only,16,0.18281923154356672,0.6498583625522474
A,RF,1_none,ordering_only,17,0.13301168048422551,0.6005031596046037
A,RF,1_none,ordering_only,18,0.13140211646283162,0.6113067292644757
A,RF,1_none,ordering_only,19,0.19368394655399887,0.6746374873714862
A,RF,1_none,ordering_only,20,0.13468973060900777,0.6044107088410886
A,RF,1_none,ordering_only,21,0.15725751819139402,0.6598398407321566
A,RF,1_none,ordering_only,22,0.15412324631314192,0.6571556625264952
A,RF,1_none,ordering_only,23,0.1834249311640961,0.6583120381925873
A,RF,1_none,ordering_only,24,0.13111103186997655,0.5972420316554743
A,RF,1_none,values_only,0,0.1397383816375966,0.6460515574439626
A,RF,1_none,values_only,1,0.16250243494603778,0.6569724252689131
A,RF,1_none,values_only,2,0.1405000646547596,0.645715714823399
A,RF,1_none,values_only,3,0.17006048588427256,0.6937733998930291
A,RF,1_none,values_only,4,0.17094136986651928,0.6854237237772627
A,RF,1_none,values_only,5,0.14786987548492014,0.6600842898311252
A,RF,1_none,values_only,6,0.17381633964109583,0.6732780650145599
A,RF,1_none,values_only,7,0.16266377620173544,0.6754942453596404
A,RF,1_none,values_only,8,0.15969177285549657,0.6636506804540322
A,RF,1_none,values_only,9,0.14333577400348846,0.6243240030902716
A,RF,1_none,values_only,10,0.18042777679379474,0.6935149941479055
A,RF,1_none,values_only,11,0.14569912817065567,0.6353083338285691
A,RF,1_none,values_only,12,0.1811864470646976,0.6903711297319785
A,RF,1_none,values_only,13,0.15433866065364057,0.6398818367306512
A,RF,1_none,values_only,14,0.15473447028185056,0.6684420871218874
A,RF,1_none,values_only,15,0.1445625425653429,0.6047672440077504
A,RF,1_none,values_only,16,0.17401188722980793,0.7059314395515145
A,RF,1_none,values_only,17,0.16096468405230324,0.6564326182127929
A,RF,1_none,values_only,18,0.1540703757824248,0.6710965511776708
A,RF,1_none,values_only,19,0.16626790494061672,0.685126582278481
A,RF,1_none,values_only,20,0.1510184860568604,0.6452155439497212
A,RF,1_none,values_only,21,0.17493419269637403,0.6818208831045343
A,RF,1_none,values_only,22,0.15529372089454463,0.6888210415800005
A,RF,1_none,values_only,23,0.16802381931072286,0.6510469285473742
A,RF,1_none,values_only,24,0.14300894151487345,0.6492318892256492
A,RF,1_none,lab_panel,0,0.2036048725758133,0.732121605539327
A,RF,1_none,lab_panel,1,0.20810526733986517,0.7151477783720608
A,RF,1_none,lab_panel,2,0.1886097403640499,0.7007438442186169
A,RF,1_none,lab_panel,3,0.18633790434850964,0.7154176819001208
A,RF,1_none,lab_panel,4,0.21394930976877904,0.7226184108872645
A,RF,1_none,lab_panel,5,0.20385915311488456,0.7265498214865304
A,RF,1_none,lab_panel,6,0.2044971071670037,0.7128127414274678
A,RF,1_none,lab_panel,7,0.20366530070429928,0.7388869079455638
A,RF,1_none,lab_panel,8,0.1740629908022226,0.6916810285057744
A,RF,1_none,lab_panel,9,0.18204181741030628,0.7030838335215229
A,RF,1_none,lab_panel,10,0.18557962238371364,0.716384880941843
A,RF,1_none,lab_panel,11,0.20737762668928478,0.7091999960381135
A,RF,1_none,lab_panel,12,0.1836565574719436,0.6870679067371882
A,RF,1_none,lab_panel,13,0.1783022243860205,0.691336839603019
A,RF,1_none,lab_panel,14,0.19713821391184105,0.7219820328440403
A,RF,1_none,lab_panel,15,0.17689608609664428,0.6815132827791055
A,RF,1_none,lab_panel,16,0.2037750316367229,0.7174035775836454
A,RF,1_none,lab_panel,17,0.17847672138544146,0.6917107426556526
A,RF,1_none,lab_panel,18,0.21277070294959097,0.7292199045185317
A,RF,1_none,lab_panel,19,0.23441342059369294,0.7498217151007309
A,RF,1_none,lab_panel,20,0.1784189004781201,0.6884153118330333
A,RF,1_none,lab_panel,21,0.20534912214622406,0.7239159287652779
A,RF,1_none,lab_panel,22,0.2086990380307454,0.7031259285671837
A,RF,1_none,lab_panel,23,0.20867130614732549,0.7182207167052951
A,RF,1_none,lab_panel,24,0.19470011271676158,0.7350859729403141
A,RF,5_SMOTENC,lab_values_dropped,0,0.20209929624589915,0.7398571892242778
A,RF,5_SMOTENC,lab_values_dropped,1,0.16434413756993332,0.7169776747687249
A,RF,5_SMOTENC,lab_values_dropped,2,0.19263383259082248,0.7311018006774826
A,RF,5_SMOTENC,lab_values_dropped,3,0.23531622856893797,0.7655751668944751
A,RF,5_SMOTENC,lab_values_dropped,4,0.18955500347595666,0.7368836790079436
A,RF,5_SMOTENC,lab_values_dropped,5,0.17140005568077096,0.7279907153324874
A,RF,5_SMOTENC,lab_values_dropped,6,0.1890140481520875,0.7092148531130524
A,RF,5_SMOTENC,lab_values_dropped,7,0.2342969123515244,0.7694751490659852
A,RF,5_SMOTENC,lab_values_dropped,8,0.18358759309983985,0.7248172579782494
A,RF,5_SMOTENC,lab_values_dropped,9,0.18382872853101412,0.7371139636694993
A,RF,5_SMOTENC,lab_values_dropped,10,0.16506030604357005,0.7120572816775349
A,RF,5_SMOTENC,lab_values_dropped,11,0.21186879880431447,0.7489748618292029
A,RF,5_SMOTENC,lab_values_dropped,12,0.1956362817125345,0.7317233216457677
A,RF,5_SMOTENC,lab_values_dropped,13,0.18674376231962173,0.7396718567381787
A,RF,5_SMOTENC,lab_values_dropped,14,0.19917045923101964,0.7328400784453557
A,RF,5_SMOTENC,lab_values_dropped,15,0.22313650736690543,0.7464297306069458
A,RF,5_SMOTENC,lab_values_dropped,16,0.23475903409792004,0.7429577464788732
A,RF,5_SMOTENC,lab_values_dropped,17,0.15617462681456265,0.6857852459341138
A,RF,5_SMOTENC,lab_values_dropped,18,0.19213129340531537,0.7369802499950476
A,RF,5_SMOTENC,lab_values_dropped,19,0.18789274198607764,0.7483236267110398
A,RF,5_SMOTENC,lab_values_dropped,20,0.21954943708969527,0.750371288345972
A,RF,5_SMOTENC,lab_values_dropped,21,0.18069879934310754,0.7154325389750599
A,RF,5_SMOTENC,lab_values_dropped,22,0.19607456885509703,0.7331198866900418
A,RF,5_SMOTENC,lab_values_dropped,23,0.1730904809319109,0.7296705691250174
A,RF,5_SMOTENC,lab_values_dropped,24,0.1827760034454231,0.7344768328678116
A,RF,5_SMOTENC,lab_panel,0,0.1890955271493038,0.6947247548513372
A,RF,5_SMOTENC,lab_panel,1,0.16739231355155415,0.6900814167706661
A,RF,5_SMOTENC,lab_panel,2,0.191019800803063,0.6956107248271627
A,RF,5_SMOTENC,lab_panel,3,0.21565865662110412,0.7218656524236842
A,RF,5_SMOTENC,lab_panel,4,0.17310958627599166,0.7101260870426497
A,RF,5_SMOTENC,lab_panel,5,0.17138899948467268,0.7050101796937239
A,RF,5_SMOTENC,lab_panel,6,0.15444152434440772,0.678988134149482
A,RF,5_SMOTENC,lab_panel,7,0.20879904369723928,0.7292669519225055
A,RF,5_SMOTENC,lab_panel,8,0.16742621587091217,0.6871818109783879
A,RF,5_SMOTENC,lab_panel,9,0.1709505730095174,0.6842772528277967
A,RF,5_SMOTENC,lab_panel,10,0.14784800462224582,0.6786192007710996
A,RF,5_SMOTENC,lab_panel,11,0.18824354313597313,0.7037449733563124
A,RF,5_SMOTENC,lab_panel,12,0.17903947183415533,0.6892469443949208
A,RF,5_SMOTENC,lab_panel,13,0.18507079303945123,0.7041485905588242
A,RF,5_SMOTENC,lab_panel,14,0.17017219571437664,0.7027025019314197
A,RF,5_SMOTENC,lab_panel,15,0.18064374080679207,0.7080788409902333
A,RF,5_SMOTENC,lab_panel,16,0.20575855770047474,0.7151403498345913
A,RF,5_SMOTENC,lab_panel,17,0.14961448909731276,0.65534062320477
A,RF,5_SMOTENC,lab_panel,18,0.18566842691125535,0.711648937223906
A,RF,5_SMOTENC,lab_panel,19,0.17343875861300123,0.7209866088231216
A,RF,5_SMOTENC,lab_panel,20,0.18024339254072705,0.7136334130005016
A,RF,5_SMOTENC,lab_panel,21,0.19042266448050107,0.689373229531903
A,RF,5_SMOTENC,lab_panel,22,0.18433174355095439,0.6918716943008261
A,RF,5_SMOTENC,lab_panel,23,0.15789895497382106,0.6972920504744359
A,RF,5_SMOTENC,lab_panel,24,0.18435438460773002,0.7131123591054059
A,xgboost,1_none,lab_values_dropped,0,0.213906502868002,0.7332674357990814
A,xgboost,1_none,lab_values_dropped,1,0.2223452435848837,0.7390354786949547
A,xgboost,1_none,lab_values_dropped,2,0.2418252606753603,0.7440076464412353
A,xgboost,1_none,lab_values_dropped,3,0.25685958641000706,0.7557397832848001
A,xgboost,1_none,lab_values_dropped,4,0.2294096492964154,0.772988847289079
A,xgboost,1_none,lab_values_dropped,5,0.22052290924845788,0.7476911274379628
A,xgboost,1_none,lab_values_dropped,6,0.21887324113205467,0.7329292208949901
A,xgboost,1_none,lab_values_dropped,7,0.2481419276761741,0.7830768011727184
A,xgboost,1_none,lab_values_dropped,8,0.21127915085249385,0.7388175749291813
A,xgboost,1_none,lab_values_dropped,9,0.2278487982851784,0.7282839087973694
A,xgboost,1_none,lab_values_dropped,10,0.22779171277665802,0.7367344329369645
A,xgboost,1_none,lab_values_dropped,11,0.22048540928367583,0.7313543709514472
A,xgboost,1_none,lab_values_dropped,12,0.19987813101418594,0.7238366910322696
A,xgboost,1_none,lab_values_dropped,13,0.21627820413864549,0.7352568293021137
A,xgboost,1_none,lab_values_dropped,14,0.2093707101544753,0.7464887779560627
A,xgboost,1_none,lab_values_dropped,15,0.23447972759369146,0.7475386779184248
A,xgboost,1_none,lab_values_dropped,16,0.2535731506736102,0.7822299479011906
A,xgboost,1_none,lab_values_dropped,17,0.17755306964048873,0.6936372100394207
A,xgboost,1_none,lab_values_dropped,18,0.22323606478400865,0.7480636278996056
A,xgboost,1_none,lab_values_dropped,19,0.22764819484298907,0.7518620867256988
A,xgboost,1_none,lab_values_dropped,20,0.21866611980344797,0.7261809920037767
A,xgboost,1_none,lab_values_dropped,21,0.24691474147862102,0.7596075751272756
A,xgboost,1_none,lab_values_dropped,22,0.22955274015750907,0.7701858124839048
A,xgboost,1_none,lab_values_dropped,23,0.1769077065745576,0.7152740635090431
A,xgboost,1_none,lab_values_dropped,24,0.23765778166525892,0.749489907093758
A,xgboost,1_none,ordering_only,0,0.1722427108463187,0.6624005389828174
A,xgboost,1_none,ordering_only,1,0.13832320390137554,0.6438412472019175
A,xgboost,1_none,ordering_only,2,0.13960013495753895,0.6217141102593055
A,xgboost,1_none,ordering_only,3,0.171072892165274,0.6341494819833204
A,xgboost,1_none,ordering_only,4,0.16420483346989279,0.6655152433588875
A,xgboost,1_none,ordering_only,5,0.1574520033048858,0.6472441061048657
A,xgboost,1_none,ordering_only,6,0.16630176471590424,0.6488976050395199
A,xgboost,1_none,ordering_only,7,0.1721376260543642,0.6867732414175631
A,xgboost,1_none,ordering_only,8,0.16975220180443684,0.6758037677542045
A,xgboost,1_none,ordering_only,9,0.16602464595707525,0.640275549216537
A,xgboost,1_none,ordering_only,10,0.1531282222324811,0.6403543713670294
A,xgboost,1_none,ordering_only,11,0.16138368833922886,0.6550187199144234
A,xgboost,1_none,ordering_only,12,0.16457067600999142,0.6236306729264476
A,xgboost,1_none,ordering_only,13,0.1770746879505433,0.6837622075632416
A,xgboost,1_none,ordering_only,14,0.1700775923665155,0.67961460747608
A,xgboost,1_none,ordering_only,15,0.16941388792569728,0.6653855989299027
A,xgboost,1_none,ordering_only,16,0.180671698400992,0.6607065034369366
A,xgboost,1_none,ordering_only,17,0.15236529700160134,0.618668409896793
A,xgboost,1_none,ordering_only,18,0.15947270339222938,0.669586081892197
A,xgboost,1_none,ordering_only,19,0.18074581239757564,0.6863374338860166
A,xgboost,1_none,ordering_only,20,0.14299209786769626,0.6355940121762906
A,xgboost,1_none,ordering_only,21,0.15807488490496927,0.6447945761771756
A,xgboost,1_none,ordering_only,22,0.17074230507727828,0.6701135080525346
A,xgboost,1_none,ordering_only,23,0.18253798979419458,0.6617613557576116
A,xgboost,1_none,ordering_only,24,0.15823709410919165,0.6587305124700382
A,xgboost,1_none,values_only,0,0.1399697256616932,0.5840144384448182
A,xgboost,1_none,values_only,1,0.1454469244342125,0.6034324795467603
A,xgboost,1_none,values_only,2,0.13840487978086152,0.6102741625562094
A,xgboost,1_none,values_only,3,0.17633008409481443,0.6416844951565936
A,xgboost,1_none,values_only,4,0.1788563659203661,0.674766248687625
A,xgboost,1_none,values_only,5,0.1372446290024522,0.6050721430468267
A,xgboost,1_none,values_only,6,0.156297016950701,0.6069238921574454
A,xgboost,1_none,values_only,7,0.15037636283150724,0.6644232483508647
A,xgboost,1_none,values_only,8,0.15035604329857608,0.6254828549355202
A,xgboost,1_none,values_only,9,0.1410815701454147,0.6078351260870426
A,xgboost,1_none,values_only,10,0.159629375192194,0.6558747160012983
A,xgboost,1_none,values_only,11,0.13701326673297406,0.6186609813593233
A,xgboost,1_none,values_only,12,0.14447470282136965,0.6001985895683525
A,xgboost,1_none,values_only,13,0.15542439588412496,0.6294422654067866
A,xgboost,1_none,values_only,14,0.13420230160492308,0.6020185812483905
A,xgboost,1_none,values_only,15,0.1617469410032164,0.6057507892950931
A,xgboost,1_none,values_only,16,0.17729969127033757,0.6608451694697015
A,xgboost,1_none,values_only,17,0.1440173709552538,0.5970266040688577
A,xgboost,1_none,values_only,18,0.13482071710769905,0.5754541312573047
A,xgboost,1_none,values_only,19,0.1548386305451444,0.6631603969810422
A,xgboost,1_none,values_only,20,0.16702051685432628,0.6454958543566138
A,xgboost,1_none,values_only,21,0.1503709651130596,0.6208350666587429
A,xgboost,1_none,values_only,22,0.17226194464091305,0.6414591628533507
A,xgboost,1_none,values_only,23,0.14649960643027943,0.6189036469166618
A,xgboost,1_none,values_only,24,0.14438764513529606,0.5956597531744616
A,xgboost,1_none,lab_panel,0,0.2177653011758743,0.7175995593717113
A,xgboost,1_none,lab_panel,1,0.19000170016657986,0.6905172243022127
A,xgboost,1_none,lab_panel,2,0.20142922026915688,0.6892939917988947
A,xgboost,1_none,lab_panel,3,0.1987628766190627,0.6932657831659437
A,xgboost,1_none,lab_panel,4,0.1853197455513415,0.7183346209464947
A,xgboost,1_none,lab_panel,5,0.19136044166280342,0.7123720161694845
A,xgboost,1_none,lab_panel,6,0.17768938029800832,0.6894623719815375
A,xgboost,1_none,lab_panel,7,0.21655291498877646,0.7456221152512827
A,xgboost,1_none,lab_panel,8,0.18451046662698067,0.6884273290941146
A,xgboost,1_none,lab_panel,9,0.20449606785338723,0.6697074146708663
A,xgboost,1_none,lab_panel,10,0.17782118197701005,0.6791429386366096
A,xgboost,1_none,lab_panel,11,0.19705780658892455,0.6778689011707375
A,xgboost,1_none,lab_panel,12,0.16947454330758446,0.6750559616489371
A,xgboost,1_none,lab_panel,13,0.2072559098134602,0.699901943305402
A,xgboost,1_none,lab_panel,14,0.16606358848663977,0.6838364929379371
A,xgboost,1_none,lab_panel,15,0.1865203905614484,0.6748202570987382
A,xgboost,1_none,lab_panel,16,0.19423202367573347,0.7298538063825993
A,xgboost,1_none,lab_panel,17,0.14759504593248993,0.6483181791168955
A,xgboost,1_none,lab_panel,18,0.20284626239056688,0.7151106356847132
A,xgboost,1_none,lab_panel,19,0.19105803566702892,0.7364255858639885
A,xgboost,1_none,lab_panel,20,0.1936801837389162,0.6862293824319142
A,xgboost,1_none,lab_panel,21,0.22027533956748446,0.7115746518492106
A,xgboost,1_none,lab_panel,22,0.19856303484760107,0.7179532893563916
A,xgboost,1_none,lab_panel,23,0.17833251571790248,0.6832966858818169
A,xgboost,1_none,lab_panel,24,0.19347805087764575,0.7109159881935778
A,xgboost,5_SMOTENC,lab_values_dropped,0,0.24088479528133577,0.7347722600887158
A,xgboost,5_SMOTENC,lab_values_dropped,1,0.18236891583086776,0.7348854024286366
A,xgboost,5_SMOTENC,lab_values_dropped,2,0.23471449192830757,0.7133178819753967
A,xgboost,5_SMOTENC,lab_values_dropped,3,0.22876815330225078,0.7623363245577542
A,xgboost,5_SMOTENC,lab_values_dropped,4,0.1917012175782214,0.7207315623700006
A,xgboost,5_SMOTENC,lab_values_dropped,5,0.19411309855163386,0.7229426691452009
A,xgboost,5_SMOTENC,lab_values_dropped,6,0.19596371263975143,0.7204789920960362
A,xgboost,5_SMOTENC,lab_values_dropped,7,0.23784751265830725,0.7711663794298844
A,xgboost,5_SMOTENC,lab_values_dropped,8,0.2003113525829355,0.7341722628315603
A,xgboost,5_SMOTENC,lab_values_dropped,9,0.1869687084628886,0.7082961906459856
A,xgboost,5_SMOTENC,lab_values_dropped,10,0.17273710150090382,0.7065002508040482
A,xgboost,5_SMOTENC,lab_values_dropped,11,0.20096399782861746,0.728764287553733
A,xgboost,5_SMOTENC,lab_values_dropped,12,0.1956495849297812,0.7211178463184169
A,xgboost,5_SMOTENC,lab_values_dropped,13,0.217820458161617,0.7283680988886907
A,xgboost,5_SMOTENC,lab_values_dropped,14,0.18907281928123393,0.727016105069234
A,xgboost,5_SMOTENC,lab_values_dropped,15,0.2163857995283862,0.7336165943760881
A,xgboost,5_SMOTENC,lab_values_dropped,16,0.22872800512772082,0.742541748380579
A,xgboost,5_SMOTENC,lab_values_dropped,17,0.15736987361984583,0.6769774766743922
A,xgboost,5_SMOTENC,lab_values_dropped,18,0.19848028023666642,0.732884649670173
A,xgboost,5_SMOTENC,lab_values_dropped,19,0.21354566010759662,0.7519759909668984
A,xgboost,5_SMOTENC,lab_values_dropped,20,0.22799122062371333,0.7210763919624679
A,xgboost,5_SMOTENC,lab_values_dropped,21,0.21113405977393931,0.7300320912818685
A,xgboost,5_SMOTENC,lab_values_dropped,22,0.2146332465396697,0.743428220518611
A,xgboost,5_SMOTENC,lab_values_dropped,23,0.18827402143445307,0.734102929815178
A,xgboost,5_SMOTENC,lab_values_dropped,24,0.1863435656474431,0.7303440898555891
A,xgboost,5_SMOTENC,lab_panel,0,0.2035859781367746,0.6774758293745635
A,xgboost,5_SMOTENC,lab_panel,1,0.1837592760285416,0.6944196826528792
A,xgboost,5_SMOTENC,lab_panel,2,0.21254093869133606,0.6971385273667319
A,xgboost,5_SMOTENC,lab_panel,3,0.1836479123902717,0.6930379746835442
A,xgboost,5_SMOTENC,lab_panel,4,0.1677591317484405,0.7017046017313444
A,xgboost,5_SMOTENC,lab_panel,5,0.17136229416156534,0.6794429199492491
A,xgboost,5_SMOTENC,lab_panel,6,0.1611033328983468,0.6734712069887681
A,xgboost,5_SMOTENC,lab_panel,7,0.23067357016685086,0.7321170341316534
A,xgboost,5_SMOTENC,lab_panel,8,0.16760378173140741,0.698178522612468
A,xgboost,5_SMOTENC,lab_panel,9,0.1708519434064131,0.6751351993819458
A,xgboost,5_SMOTENC,lab_panel,10,0.15423625201981267,0.667315806556313
A,xgboost,5_SMOTENC,lab_panel,11,0.182752481572872,0.6819347873457341
A,xgboost,5_SMOTENC,lab_panel,12,0.17550154461158643,0.6889621837919218
A,xgboost,5_SMOTENC,lab_panel,13,0.20288411160624745,0.6799984152453398
A,xgboost,5_SMOTENC,lab_panel,14,0.15366373250865498,0.665671242645748
A,xgboost,5_SMOTENC,lab_panel,15,0.17212060766934345,0.6869670413974212
A,xgboost,5_SMOTENC,lab_panel,16,0.1873806640516622,0.7120104593807571
A,xgboost,5_SMOTENC,lab_panel,17,0.14059298678465312,0.6205651631306828
A,xgboost,5_SMOTENC,lab_panel,18,0.19841930996170418,0.7154870149165032
A,xgboost,5_SMOTENC,lab_panel,19,0.19676637160428084,0.7220340326063271
A,xgboost,5_SMOTENC,lab_panel,20,0.18538610650070453,0.6864949396594967
A,xgboost,5_SMOTENC,lab_panel,21,0.1967204175043873,0.6847081080010301
A,xgboost,5_SMOTENC,lab_panel,22,0.1917659909148626,0.7115152235494542
A,xgboost,5_SMOTENC,lab_panel,23,0.15452125839134578,0.6740555852697054
A,xgboost,5_SMOTENC,lab_panel,24,0.1789663762260003,0.6997286107644461
A,lightgbm,1_none,lab_values_dropped,0,0.22532109791231314,0.7351410895714693
A,lightgbm,1_none,lab_values_dropped,1,0.18487546095794727,0.7076276222737268
A,lightgbm,1_none,lab_values_dropped,2,0.22546008585442395,0.7180820506725304
A,lightgbm,1_none,lab_values_dropped,3,0.2532351693617954,0.7547295021889424
A,lightgbm,1_none,lab_values_dropped,4,0.24396313202274217,0.7802688140092312
A,lightgbm,1_none,lab_values_dropped,5,0.23692114092052668,0.751330245001131
A,lightgbm,1_none,lab_values_dropped,6,0.20477269560434577,0.7084893326201938
A,lightgbm,1_none,lab_values_dropped,7,0.27075806939299474,0.7824676611002159
A,lightgbm,1_none,lab_values_dropped,8,0.2074301543895527,0.7379410075077754
A,lightgbm,1_none,lab_values_dropped,9,0.2224788244607962,0.7309631346447178
A,lightgbm,1_none,lab_values_dropped,10,0.22481416329634285,0.7294512800841915
A,lightgbm,1_none,lab_values_dropped,11,0.19812005982002126,0.7222667934470395
A,lightgbm,1_none,lab_values_dropped,12,0.20311093988737938,0.721830985915493
A,lightgbm,1_none,lab_values_dropped,13,0.23468253053375368,0.7553584516946971
A,lightgbm,1_none,lab_values_dropped,14,0.2365353540359271,0.7657534517937442
A,lightgbm,1_none,lab_values_dropped,15,0.22125217389933646,0.7398080119599107
A,lightgbm,1_none,lab_values_dropped,16,0.2526359967520488,0.7649065985222162
A,lightgbm,1_none,lab_values_dropped,17,0.18337804388274065,0.6968562429428893
A,lightgbm,1_none,lab_values_dropped,18,0.21779346228075075,0.7256244923832729
A,lightgbm,1_none,lab_values_dropped,19,0.2338968448406474,0.7563390186406767
A,lightgbm,1_none,lab_values_dropped,20,0.21800927538868706,0.7296184827830396
A,lightgbm,1_none,lab_values_dropped,21,0.23356082662912214,0.7528723678215565
A,lightgbm,1_none,lab_values_dropped,22,0.25228280011526183,0.7887720132327015
A,lightgbm,1_none,lab_values_dropped,23,0.19482013248390484,0.7285166696380816
A,lightgbm,1_none,lab_values_dropped,24,0.22149348858152476,0.7290020007527585
A,lightgbm,1_none,ordering_only,0,0.17150971620525057,0.6627841216448812
A,lightgbm,1_none,ordering_only,1,0.13603763493337734,0.6220360135496523
A,lightgbm,1_none,ordering_only,2,0.12161032439228885,0.5795744933737446
A,lightgbm,1_none,ordering_only,3,0.17713018836403588,0.6385125096570986
A,lightgbm,1_none,ordering_only,4,0.15653692317053397,0.6468052336522652
A,lightgbm,1_none,ordering_only,5,0.14462797940280664,0.6192524072270907
A,lightgbm,1_none,ordering_only,6,0.14826165448078107,0.6332927239951665
A,lightgbm,1_none,ordering_only,7,0.1645704176327527,0.6437174382440918
A,lightgbm,1_none,ordering_only,8,0.1687846251294363,0.6581783245181355
A,lightgbm,1_none,ordering_only,9,0.1572808011952843,0.6494473168122661
A,lightgbm,1_none,ordering_only,10,0.14415204846582147,0.6164025847570151
A,lightgbm,1_none,ordering_only,11,0.14991411694212878,0.6373239436619718
A,lightgbm,1_none,ordering_only,12,0.14736076733926612,0.606431132505299
A,lightgbm,1_none,ordering_only,13,0.18144178110869075,0.6702373170103603
A,lightgbm,1_none,ordering_only,14,0.1591548604435111,0.6540951050890433
A,lightgbm,1_none,ordering_only,15,0.15090727999557318,0.6496882161439124
A,lightgbm,1_none,ordering_only,16,0.17497059886348595,0.6466566629028744
A,lightgbm,1_none,ordering_only,17,0.1471026397685681,0.6033458132762822
A,lightgbm,1_none,ordering_only,18,0.14334033393739523,0.6558234781402904
A,lightgbm,1_none,ordering_only,19,0.17442819299363307,0.6801271765614787
A,lightgbm,1_none,ordering_only,20,0.1363854789841139,0.6262896737580281
A,lightgbm,1_none,ordering_only,21,0.13757514358738487,0.6082115053188328
A,lightgbm,1_none,ordering_only,22,0.15437516501165827,0.6534537746875063
A,lightgbm,1_none,ordering_only,23,0.17932346383574493,0.6578539450486323
A,lightgbm,1_none,ordering_only,24,0.14140385948635373,0.6252921891404687
A,lightgbm,1_none,values_only,0,0.11925022829613344,0.5629075565784426
A,lightgbm,1_none,values_only,1,0.14129916956904692,0.6073126522850181
A,lightgbm,1_none,values_only,2,0.12341990396712739,0.5736044254273885
A,lightgbm,1_none,values_only,3,0.1707669378891081,0.6083551237099107
A,lightgbm,1_none,values_only,4,0.17768390328117767,0.6406246904776055
A,lightgbm,1_none,values_only,5,0.1297896784739877,0.5889960953252091
A,lightgbm,1_none,values_only,6,0.1503893575018663,0.605742754699788
A,lightgbm,1_none,values_only,7,0.13793529466802343,0.6002183990016046
A,lightgbm,1_none,values_only,8,0.14548885684136528,0.5989382143776867
A,lightgbm,1_none,values_only,9,0.14335991668417292,0.584925516530972
A,lightgbm,1_none,values_only,10,0.13717492221588734,0.6112365131352473
A,lightgbm,1_none,values_only,11,0.1243178800343046,0.5739857570174918
A,lightgbm,1_none,values_only,12,0.13319961973422492,0.5752857510746618
A,lightgbm,1_none,values_only,13,0.16723665193603948,0.6071913195063489
A,lightgbm,1_none,values_only,14,0.133495388406347,0.5722029080248014
A,lightgbm,1_none,values_only,15,0.12415144614948849,0.5829423740816146
A,lightgbm,1_none,values_only,16,0.1643831815072897,0.6048686634575384
A,lightgbm,1_none,values_only,17,0.13347730853021297,0.5689120659257938
A,lightgbm,1_none,values_only,18,0.13571445343157534,0.5706107248271628
A,lightgbm,1_none,values_only,19,0.14251893046841455,0.6326959648184466
A,lightgbm,1_none,values_only,20,0.15480765576926783,0.6131962271202778
A,lightgbm,1_none,values_only,21,0.1522316708738992,0.6003372556011173
A,lightgbm,1_none,values_only,22,0.1477127091494688,0.6112621580396584
A,lightgbm,1_none,values_only,23,0.13037593852600715,0.5777272637229848
A,lightgbm,1_none,values_only,24,0.13180829491355903,0.5709747231631703
A,lightgbm,1_none,lab_panel,0,0.20192974914209685,0.6959320566915503
A,lightgbm,1_none,lab_panel,1,0.1710569423456284,0.6731889225649254
A,lightgbm,1_none,lab_panel,2,0.17662009987123914,0.6673401873972385
A,lightgbm,1_none,lab_panel,3,0.19104648561962267,0.686585051801668
A,lightgbm,1_none,lab_panel,4,0.1850863613821195,0.7064093421287216
A,lightgbm,1_none,lab_panel,5,0.21866577547147562,0.7071690615994413
A,lightgbm,1_none,lab_panel,6,0.17231458918652054,0.6620164022107328
A,lightgbm,1_none,lab_panel,7,0.2141443250696237,0.7244012598799549
A,lightgbm,1_none,lab_panel,8,0.17754467558744097,0.690923317683881
A,lightgbm,1_none,lab_panel,9,0.20832081293507212,0.6673996156969949
A,lightgbm,1_none,lab_panel,10,0.17523457974891474,0.691781495578964
A,lightgbm,1_none,lab_panel,11,0.18586348234605962,0.665161149739506
A,lightgbm,1_none,lab_panel,12,0.16041593599100595,0.6785226124680573
A,lightgbm,1_none,lab_panel,13,0.20334257997182498,0.6999118480220281
A,lightgbm,1_none,lab_panel,14,0.16722728775027568,0.6955290109149977
A,lightgbm,1_none,lab_panel,15,0.18074951057490724,0.6739350663401296
A,lightgbm,1_none,lab_panel,16,0.22272781809910408,0.748118103841049
A,lightgbm,1_none,lab_panel,17,0.15041490907634616,0.6262108516075355
A,lightgbm,1_none,lab_panel,18,0.19077620291762656,0.675036152215685
A,lightgbm,1_none,lab_panel,19,0.21209375134384412,0.7193349973257265
A,lightgbm,1_none,lab_panel,20,0.18830737749732665,0.6733006796297937
A,lightgbm,1_none,lab_panel,21,0.1986562789468563,0.7023385035954123
A,lightgbm,1_none,lab_panel,22,0.2078363822336419,0.7274420078841544
A,lightgbm,1_none,lab_panel,23,0.17110428410731382,0.6824250708187238
A,lightgbm,1_none,lab_panel,24,0.17843368729055603,0.6752738654147106
A,lightgbm,5_SMOTENC,lab_values_dropped,0,0.22707645832501425,0.7244401168451802
A,lightgbm,5_SMOTENC,lab_values_dropped,1,0.18262250337453506,0.7184237633961292
A,lightgbm,5_SMOTENC,lab_values_dropped,2,0.21756619944593972,0.7040074483469028
A,lightgbm,5_SMOTENC,lab_values_dropped,3,0.21873265074259465,0.7563043521324855
A,lightgbm,5_SMOTENC,lab_values_dropped,4,0.1758276452705493,0.7248667815613796
A,lightgbm,5_SMOTENC,lab_values_dropped,5,0.20626159265741068,0.7259400234083778
A,lightgbm,5_SMOTENC,lab_values_dropped,6,0.18137370424342705,0.7105841801866049
A,lightgbm,5_SMOTENC,lab_values_dropped,7,0.26754856164055674,0.7903518155345576
A,lightgbm,5_SMOTENC,lab_values_dropped,8,0.21693291014931299,0.7156851092490243
A,lightgbm,5_SMOTENC,lab_values_dropped,9,0.19314104950405817,0.7238119292407044
A,lightgbm,5_SMOTENC,lab_values_dropped,10,0.19320585600444287,0.7196699222015677
A,lightgbm,5_SMOTENC,lab_values_dropped,11,0.2036801493413615,0.7281303856896654
A,lightgbm,5_SMOTENC,lab_values_dropped,12,0.19890570019513262,0.7133129296170837
A,lightgbm,5_SMOTENC,lab_values_dropped,13,0.2157774836398045,0.7214793684752681
A,lightgbm,5_SMOTENC,lab_values_dropped,14,0.19644251930599518,0.7234553594421664
A,lightgbm,5_SMOTENC,lab_values_dropped,15,0.20402011168085188,0.7360656221415715
A,lightgbm,5_SMOTENC,lab_values_dropped,16,0.2207850358028142,0.7463303024900457
A,lightgbm,5_SMOTENC,lab_values_dropped,17,0.15434261307234667,0.6654483865216617
A,lightgbm,5_SMOTENC,lab_values_dropped,18,0.20963787573607162,0.7333848378597888
A,lightgbm,5_SMOTENC,lab_values_dropped,19,0.21530108135796888,0.7507725678968324
A,lightgbm,5_SMOTENC,lab_values_dropped,20,0.2437367290297826,0.7284529816175386
A,lightgbm,5_SMOTENC,lab_values_dropped,21,0.227982526634831,0.7443691685980864
A,lightgbm,5_SMOTENC,lab_values_dropped,22,0.22398458230578236,0.7603256670826648
A,lightgbm,5_SMOTENC,lab_values_dropped,23,0.1941695499496699,0.7232374556763932
A,lightgbm,5_SMOTENC,lab_values_dropped,24,0.19025396889392546,0.708350666587429
A,lightgbm,5_SMOTENC,lab_panel,0,0.20406369081895775,0.691919191919192
A,lightgbm,5_SMOTENC,lab_panel,1,0.16921919357739898,0.6827172599591925
A,lightgbm,5_SMOTENC,lab_panel,2,0.20167002398594883,0.6931023553416138
A,lightgbm,5_SMOTENC,lab_panel,3,0.1959621981573056,0.6977278580059826
A,lightgbm,5_SMOTENC,lab_panel,4,0.1652784294614501,0.6718567381787208
A,lightgbm,5_SMOTENC,lab_panel,5,0.16616334365828972,0.6669814011586164
A,lightgbm,5_SMOTENC,lab_panel,6,0.15682122867951542,0.6700986509775955
A,lightgbm,5_SMOTENC,lab_panel,7,0.2101357741958903,0.7095689467324339
A,lightgbm,5_SMOTENC,lab_panel,8,0.17290468867285122,0.6799241298706444
A,lightgbm,5_SMOTENC,lab_panel,9,0.1775488662459533,0.6705047443592639
A,lightgbm,5_SMOTENC,lab_panel,10,0.16330627598365424,0.6887374229146381
A,lightgbm,5_SMOTENC,lab_panel,11,0.1968923822576242,0.6753332937144668
A,lightgbm,5_SMOTENC,lab_panel,12,0.1733654095776525,0.6720201660030507
A,lightgbm,5_SMOTENC,lab_panel,13,0.20350799479035728,0.6889621837919218
A,lightgbm,5_SMOTENC,lab_panel,14,0.167976270931326,0.6601047919019036
A,lightgbm,5_SMOTENC,lab_panel,15,0.16852511050254887,0.6820689858664541
A,lightgbm,5_SMOTENC,lab_panel,16,0.19090359627236578,0.7182950020799905
A,lightgbm,5_SMOTENC,lab_panel,17,0.1367694571621542,0.6224322022146946
A,lightgbm,5_SMOTENC,lab_panel,18,0.18372725914376556,0.6970989085002278
A,lightgbm,5_SMOTENC,lab_panel,19,0.23134083520932414,0.7329936015530596
A,lightgbm,5_SMOTENC,lab_panel,20,0.19172468631940892,0.6766594867860691
A,lightgbm,5_SMOTENC,lab_panel,21,0.20132171455398984,0.6882391394782197
A,lightgbm,5_SMOTENC,lab_panel,22,0.19050005077905893,0.702655454527446
A,lightgbm,5_SMOTENC,lab_panel,23,0.1659745541376863,0.6622541154097581
A,lightgbm,5_SMOTENC,lab_panel,24,0.1791836926318963,0.6918345516134783
B,RF,1_none,lab_values_dropped,0,0.19332212497161813,0.7868747073098046
B,RF,1_none,lab_values_dropped,1,0.19488377091234088,0.7732300225637533
B,RF,1_none,lab_values_dropped,2,0.15111704058700892,0.7046709773018117
B,RF,1_none,lab_values_dropped,3,0.1254561494016418,0.7161346943644451
B,RF,1_none,lab_values_dropped,4,0.14619644930575815,0.7340962151292583
B,RF,1_none,lab_values_dropped,5,0.13615448297352775,0.7419004640470006
B,RF,1_none,lab_values_dropped,6,0.14850431949107462,0.7045425518327728
B,RF,1_none,lab_values_dropped,7,0.16496526418340066,0.7871792281268943
B,RF,1_none,lab_values_dropped,8,0.17351536335057366,0.7665257919940015
B,RF,1_none,lab_values_dropped,9,0.16631147779902927,0.743745846185307
B,RF,1_none,lab_values_dropped,10,0.17303477065382403,0.7573161905572822
B,RF,1_none,lab_values_dropped,11,0.12116816989658857,0.7008131465792498
B,RF,1_none,lab_values_dropped,12,0.1574344954790543,0.7648935811948542
B,RF,1_none,lab_values_dropped,13,0.14271424742916247,0.7266875138460489
B,RF,1_none,lab_values_dropped,14,0.1467013950421923,0.7203737155126871
B,RF,1_none,lab_values_dropped,15,0.1760701547593314,0.7336497935203713
B,RF,1_none,lab_values_dropped,16,0.15931172341584848,0.7497637191877048
B,RF,1_none,lab_values_dropped,17,0.1662819442898828,0.7840430726746144
B,RF,1_none,lab_values_dropped,18,0.14443228954855836,0.7294908062234794
B,RF,1_none,lab_values_dropped,19,0.1287432310301966,0.7085470595252296
B,RF,1_none,lab_values_dropped,20,0.1381184235548191,0.7443654476563497
B,RF,1_none,lab_values_dropped,21,0.1868011084962801,0.7830346119460173
B,RF,1_none,lab_values_dropped,22,0.15889142136664763,0.7388108708830067
B,RF,1_none,lab_values_dropped,23,0.1386478225175939,0.7151676010974591
B,RF,1_none,lab_values_dropped,24,0.17032883898989173,0.771114159608732
B,RF,1_none,ordering_only,0,0.07571175734796694,0.552888586146707
B,RF,1_none,ordering_only,1,0.06985233390823277,0.5397036910894462
B,RF,1_none,ordering_only,2,0.08607341559682147,0.5924892234121372
B,RF,1_none,ordering_only,3,0.08492686617106959,0.59550365535693
B,RF,1_none,ordering_only,4,0.08640438471356868,0.5987457609788518
B,RF,1_none,ordering_only,5,0.08595920157713277,0.5796330197113542
B,RF,1_none,ordering_only,6,0.08826539080639825,0.5989356720166886
B,RF,1_none,ordering_only,7,0.07380656545491468,0.5543923014750454
B,RF,1_none,ordering_only,8,0.07688929735122318,0.5716117653073397
B,RF,1_none,ordering_only,9,0.07574125946681151,0.5389308293996352
B,RF,1_none,ordering_only,10,0.059339158419515634,0.493077610796543
B,RF,1_none,ordering_only,11,0.08640980640228427,0.6064966580101324
B,RF,1_none,ordering_only,12,0.0645866888583716,0.5270172425405806
B,RF,1_none,ordering_only,13,0.08595367163790057,0.5673642235135734
B,RF,1_none,ordering_only,14,0.07957507273264969,0.597386718017757
B,RF,1_none,ordering_only,15,0.09115940611606893,0.6081484950402315
B,RF,1_none,ordering_only,16,0.08124988601442584,0.5317297458384775
B,RF,1_none,ordering_only,17,0.0898089123813283,0.5981006263891695
B,RF,1_none,ordering_only,18,0.07601660246070585,0.5676794873979653
B,RF,1_none,ordering_only,19,0.08776929234203157,0.5939656788398289
B,RF,1_none,ordering_only,20,0.08362646712830207,0.6055387628251521
B,RF,1_none,ordering_only,21,0.07868534147930782,0.5724977649112349
B,RF,1_none,ordering_only,22,0.10881054821399723,0.6139034821849532
B,RF,1_none,ordering_only,23,0.07899532753029054,0.5521761728668564
B,RF,1_none,ordering_only,24,0.08589881076162266,0.5882994495662992
B,RF,1_none,values_only,0,0.09659446689399037,0.5747030524926561
B,RF,1_none,values_only,1,0.09614124426644226,0.5832985652858784
B,RF,1_none,values_only,2,0.08859124136426362,0.5932385330369772
B,RF,1_none,values_only,3,0.11235765011024641,0.5879799253591452
B,RF,1_none,values_only,4,0.08966931329692665,0.5808353640871834
B,RF,1_none,values_only,5,0.07454016872202486,0.5463663842649751
B,RF,1_none,values_only,6,0.10323636525022993,0.6036102005193921
B,RF,1_none,values_only,7,0.08350953049157417,0.572392570889742
B,RF,1_none,values_only,8,0.10884351335520243,0.6120720505785517
B,RF,1_none,values_only,9,0.10019258074397233,0.6046718699408667
B,RF,1_none,values_only,10,0.06910140817707813,0.5563625526842351
B,RF,1_none,values_only,11,0.09408858177765136,0.5717016475797181
B,RF,1_none,values_only,12,0.15285342925708129,0.5959789856536675
B,RF,1_none,values_only,13,0.10026369940851323,0.5892111586373784
B,RF,1_none,values_only,14,0.10210144376619258,0.6068829774543719
B,RF,1_none,values_only,15,0.10385410797926686,0.603175954702201
B,RF,1_none,values_only,16,0.10895914689721398,0.631874494444208
B,RF,1_none,values_only,17,0.09433270931089,0.6190602478615208
B,RF,1_none,values_only,18,0.14019348371840107,0.5482353743119579
B,RF,1_none,values_only,19,0.08728646677088772,0.5665377208977352
B,RF,1_none,values_only,20,0.08622024995375382,0.5722763846907063
B,RF,1_none,values_only,21,0.09079313686941234,0.5604155136446847
B,RF,1_none,values_only,22,0.10339713693326355,0.6095717990166364
B,RF,1_none,values_only,23,0.09322054757855379,0.5773802423271587
B,RF,1_none,values_only,24,0.11395157061059377,0.6217046403435524
B,RF,1_none,lab_panel,0,0.1845846485413589,0.7750564093831155
B,RF,1_none,lab_panel,1,0.18159949566414654,0.7850696070501085
B,RF,1_none,lab_panel,2,0.12768774454126325,0.7086448440762444
B,RF,1_none,lab_panel,3,0.10729536701909792,0.6792275182767846
B,RF,1_none,lab_panel,4,0.15553806690143518,0.7413856273751299
B,RF,1_none,lab_panel,5,0.14674666562190397,0.7386521350419346
B,RF,1_none,lab_panel,6,0.12146741203026609,0.7067350674783941
B,RF,1_none,lab_panel,7,0.15158972993194758,0.7636180709907726
B,RF,1_none,lab_panel,8,0.16475218869245156,0.7551379492510353
B,RF,1_none,lab_panel,9,0.1705929084023973,0.7272328351595917
B,RF,1_none,lab_panel,10,0.18572639164846405,0.7484354378645324
B,RF,1_none,lab_panel,11,0.11882977467226805,0.6995572395589424
B,RF,1_none,lab_panel,12,0.14373763948712343,0.762519364181316
B,RF,1_none,lab_panel,13,0.12147537380233782,0.6948458615224689
B,RF,1_none,lab_panel,14,0.15896518056869885,0.7436819413438762
B,RF,1_none,lab_panel,15,0.14349577329878618,0.7161096683554004
B,RF,1_none,lab_panel,16,0.1478602686615561,0.7440461492613564
B,RF,1_none,lab_panel,17,0.17645985417617846,0.7791725601131542
B,RF,1_none,lab_panel,18,0.15543653466337995,0.7463148208108246
B,RF,1_none,lab_panel,19,0.11955612261581286,0.7045679180654726
B,RF,1_none,lab_panel,20,0.1311837342957628,0.7480778236621397
B,RF,1_none,lab_panel,21,0.1697543866066207,0.7771084337349399
B,RF,1_none,lab_panel,22,0.14298699785001814,0.7159737657439214
B,RF,1_none,lab_panel,23,0.1396469201683679,0.7120277432218265
B,RF,1_none,lab_panel,24,0.14849617420796365,0.7435796935975869
B,RF,5_SMOTENC,lab_values_dropped,0,0.1109796302713782,0.6780407850483204
B,RF,5_SMOTENC,lab_values_dropped,1,0.11318232301595653,0.6971263144450595
B,RF,5_SMOTENC,lab_values_dropped,2,0.12425803239329374,0.6955487640600795
B,RF,5_SMOTENC,lab_values_dropped,3,0.08453559382829698,0.6473475230483462
B,RF,5_SMOTENC,lab_values_dropped,4,0.10298370964740762,0.6753506245633168
B,RF,5_SMOTENC,lab_values_dropped,5,0.13023283904563157,0.7050619438886288
B,RF,5_SMOTENC,lab_values_dropped,6,0.10418985166863257,0.6831410447443483
B,RF,5_SMOTENC,lab_values_dropped,7,0.11134624686689325,0.6892975011786892
B,RF,5_SMOTENC,lab_values_dropped,8,0.11284532830705399,0.7113120089978017
B,RF,5_SMOTENC,lab_values_dropped,9,0.07960767418749792,0.6200984986622587
B,RF,5_SMOTENC,lab_values_dropped,10,0.08973544287653981,0.6534718378815614
B,RF,5_SMOTENC,lab_values_dropped,11,0.11623319873926412,0.6668568265996849
B,RF,5_SMOTENC,lab_values_dropped,12,0.10235375366764489,0.6979019330504479
B,RF,5_SMOTENC,lab_values_dropped,13,0.09243333124580258,0.6768886010804179
B,RF,5_SMOTENC,lab_values_dropped,14,0.12540304913268682,0.6642993473185529
B,RF,5_SMOTENC,lab_values_dropped,15,0.08725683146142282,0.6355911277619313
B,RF,5_SMOTENC,lab_values_dropped,16,0.11887411986011107,0.7030652645919366
B,RF,5_SMOTENC,lab_values_dropped,17,0.1299632537801948,0.7007307873644506
B,RF,5_SMOTENC,lab_values_dropped,18,0.10856203166339036,0.6999326869003595
B,RF,5_SMOTENC,lab_values_dropped,19,0.08376606224630612,0.6395511323937904
B,RF,5_SMOTENC,lab_values_dropped,20,0.12569122291737456,0.6877730001277195
B,RF,5_SMOTENC,lab_values_dropped,21,0.10858311258756614,0.6756992634850356
B,RF,5_SMOTENC,lab_values_dropped,22,0.09222538965400853,0.6497440560382568
B,RF,5_SMOTENC,lab_values_dropped,23,0.12307562301933472,0.7140641775020875
B,RF,5_SMOTENC,lab_values_dropped,24,0.0979012316620806,0.67869923825429
B,RF,5_SMOTENC,lab_panel,0,0.12565011544414179,0.6908893524628549
B,RF,5_SMOTENC,lab_panel,1,0.1146601567948699,0.7134701349567885
B,RF,5_SMOTENC,lab_panel,2,0.16869909237687708,0.7051719202532498
B,RF,5_SMOTENC,lab_panel,3,0.09101791258062017,0.6474242088580631
B,RF,5_SMOTENC,lab_panel,4,0.12511090161803257,0.6875734905676454
B,RF,5_SMOTENC,lab_panel,5,0.1671770340340294,0.7184426752948189
B,RF,5_SMOTENC,lab_panel,6,0.12220863380703616,0.6866533270892758
B,RF,5_SMOTENC,lab_panel,7,0.11891781692624563,0.6974220381221794
B,RF,5_SMOTENC,lab_panel,8,0.14516881543825016,0.7295291491283381
B,RF,5_SMOTENC,lab_panel,9,0.08573241566311847,0.6422010531517868
B,RF,5_SMOTENC,lab_panel,10,0.10204835992156797,0.6672357273617439
B,RF,5_SMOTENC,lab_panel,11,0.13496588033590312,0.6775086210566649
B,RF,5_SMOTENC,lab_panel,12,0.11329680571063716,0.6951235939920521
B,RF,5_SMOTENC,lab_panel,13,0.10526046844404797,0.6707707775941105
B,RF,5_SMOTENC,lab_panel,14,0.11233881918892312,0.6758490823264771
B,RF,5_SMOTENC,lab_panel,15,0.10174033442626473,0.6701477287240836
B,RF,5_SMOTENC,lab_panel,16,0.12415641195763323,0.7174124058069735
B,RF,5_SMOTENC,lab_panel,17,0.18007168329761863,0.720507509934667
B,RF,5_SMOTENC,lab_panel,18,0.11278926939916309,0.7064381997580136
B,RF,5_SMOTENC,lab_panel,19,0.07956435780496382,0.6283805661116887
B,RF,5_SMOTENC,lab_panel,20,0.12368389711329679,0.6955851675252246
B,RF,5_SMOTENC,lab_panel,21,0.12487248060230653,0.6990335901911533
B,RF,5_SMOTENC,lab_panel,22,0.0991682372979139,0.6577675624705328
B,RF,5_SMOTENC,lab_panel,23,0.13660390299458722,0.7342751486852643
B,RF,5_SMOTENC,lab_panel,24,0.10920082902643145,0.6785884698624768
B,xgboost,1_none,lab_values_dropped,0,0.16765163510421788,0.7187619736898121
B,xgboost,1_none,lab_values_dropped,1,0.16342940651159063,0.7279492528417557
B,xgboost,1_none,lab_values_dropped,2,0.15939740235253183,0.7034417727487035
B,xgboost,1_none,lab_values_dropped,3,0.11372796851287909,0.6675670148770471
B,xgboost,1_none,lab_values_dropped,4,0.1256761483801536,0.6793936708645046
B,xgboost,1_none,lab_values_dropped,5,0.15205322476296151,0.7196815530673932
B,xgboost,1_none,lab_values_dropped,6,0.14679695911939217,0.6911575631146495
B,xgboost,1_none,lab_values_dropped,7,0.1985340857109322,0.7378426618172022
B,xgboost,1_none,lab_values_dropped,8,0.1613149802301439,0.7217497997648301
B,xgboost,1_none,lab_values_dropped,9,0.1355658735772856,0.6621734462602886
B,xgboost,1_none,lab_values_dropped,10,0.16838413852876982,0.7377751287836859
B,xgboost,1_none,lab_values_dropped,11,0.12997511512090795,0.681033675337392
B,xgboost,1_none,lab_values_dropped,12,0.16433211643919465,0.6840270761770055
B,xgboost,1_none,lab_values_dropped,13,0.1385707843370983,0.6975170838942759
B,xgboost,1_none,lab_values_dropped,14,0.12547785859105018,0.6692541026908198
B,xgboost,1_none,lab_values_dropped,15,0.1562147808469788,0.7105538762825152
B,xgboost,1_none,lab_values_dropped,16,0.15158011059590257,0.7310656051768913
B,xgboost,1_none,lab_values_dropped,17,0.21182872272605663,0.763841180036371
B,xgboost,1_none,lab_values_dropped,18,0.13317004483959025,0.6873263918474464
B,xgboost,1_none,lab_values_dropped,19,0.09105060977570194,0.6578534789795675
B,xgboost,1_none,lab_values_dropped,20,0.11803257140388373,0.7012048192771084
B,xgboost,1_none,lab_values_dropped,21,0.17802767643218836,0.7245689471667589
B,xgboost,1_none,lab_values_dropped,22,0.1526721448752163,0.6972704923553581
B,xgboost,1_none,lab_values_dropped,23,0.15987883458823665,0.6837392000817982
B,xgboost,1_none,lab_values_dropped,24,0.14439308099498274,0.7323580034423408
B,xgboost,1_none,ordering_only,0,0.08171516952604121,0.5650900421473881
B,xgboost,1_none,ordering_only,1,0.06535467367016988,0.5279237089701563
B,xgboost,1_none,ordering_only,2,0.08671375145000468,0.591121101906109
B,xgboost,1_none,ordering_only,3,0.0905506508782354,0.6163281130178422
B,xgboost,1_none,ordering_only,4,0.10305865940607142,0.6141297864726232
B,xgboost,1_none,ordering_only,5,0.08913110817473979,0.5787517561411725
B,xgboost,1_none,ordering_only,6,0.08649476071961147,0.59597258291115
B,xgboost,1_none,ordering_only,7,0.08605628101105244,0.5602310231023102
B,xgboost,1_none,ordering_only,8,0.07926260390199434,0.5826204393244832
B,xgboost,1_none,ordering_only,9,0.08707650723877758,0.5198403231028783
B,xgboost,1_none,ordering_only,10,0.06291527081988985,0.5190940440206053
B,xgboost,1_none,ordering_only,11,0.09076815680363978,0.6142364511047724
B,xgboost,1_none,ordering_only,12,0.07817783893654111,0.5560340472822792
B,xgboost,1_none,ordering_only,13,0.07059549095131484,0.5021259010582642
B,xgboost,1_none,ordering_only,14,0.07202274221987885,0.5623881665274961
B,xgboost,1_none,ordering_only,15,0.07795700707329109,0.5549406104985313
B,xgboost,1_none,ordering_only,16,0.09983251289865452,0.5985227127591639
B,xgboost,1_none,ordering_only,17,0.07751544728195968,0.5664822859837004
B,xgboost,1_none,ordering_only,18,0.07895377005826866,0.5875198105008436
B,xgboost,1_none,ordering_only,19,0.08097699030276896,0.5615787052027061
B,xgboost,1_none,ordering_only,20,0.07891063204143103,0.5871599472093321
B,xgboost,1_none,ordering_only,21,0.07331190972737756,0.5807484354378646
B,xgboost,1_none,ordering_only,22,0.14742037206031955,0.6482117599515054
B,xgboost,1_none,ordering_only,23,0.0698444191964872,0.540038513317769
B,xgboost,1_none,ordering_only,24,0.10181839076845861,0.5739762444402787
B,xgboost,1_none,values_only,0,0.08919397632825223,0.5306696751670995
B,xgboost,1_none,values_only,1,0.07597068837736909,0.5237387713397761
B,xgboost,1_none,values_only,2,0.08980174406595917,0.5991319795244832
B,xgboost,1_none,values_only,3,0.07063795971319897,0.5194483734087694
B,xgboost,1_none,values_only,4,0.06617823762685593,0.5136798963889505
B,xgboost,1_none,values_only,5,0.062226865064149775,0.49616416194814594
B,xgboost,1_none,values_only,6,0.07263504693659863,0.5303929498914386
B,xgboost,1_none,values_only,7,0.06535934447898514,0.4931383444466896
B,xgboost,1_none,values_only,8,0.07107778042038719,0.5299159864351323
B,xgboost,1_none,values_only,9,0.08803036143594123,0.5271084337349397
B,xgboost,1_none,values_only,10,0.054383735504824504,0.49341819575120266
B,xgboost,1_none,values_only,11,0.07072100120389728,0.5509600238409469
B,xgboost,1_none,values_only,12,0.12222236217265253,0.5642848723647875
B,xgboost,1_none,values_only,13,0.08362320935712811,0.5044562976091069
B,xgboost,1_none,values_only,14,0.07786498069306917,0.552964332577836
B,xgboost,1_none,values_only,15,0.08098822866012959,0.5830516411937502
B,xgboost,1_none,values_only,16,0.0890549029429797,0.5992081399804163
B,xgboost,1_none,values_only,17,0.07587976856809953,0.5382695157270829
B,xgboost,1_none,values_only,18,0.08551339685775186,0.5365237470390757
B,xgboost,1_none,values_only,19,0.0787080823193079,0.5529387706412637
B,xgboost,1_none,values_only,20,0.06129614517525967,0.5042402826855124
B,xgboost,1_none,values_only,21,0.06764807656212149,0.5136574566818511
B,xgboost,1_none,values_only,22,0.09483739720925989,0.5625
B,xgboost,1_none,values_only,23,0.07013792672632033,0.5429738757008231
B,xgboost,1_none,values_only,24,0.12347674437923428,0.5766346858437995
B,xgboost,1_none,lab_panel,0,0.13527445040621427,0.7069692196347227
B,xgboost,1_none,lab_panel,1,0.18564764146389165,0.7445783132530122
B,xgboost,1_none,lab_panel,2,0.14635884517617487,0.6544756516467972
B,xgboost,1_none,lab_panel,3,0.11030814424577415,0.6767778326886045
B,xgboost,1_none,lab_panel,4,0.12289501229213776,0.6742642422589936
B,xgboost,1_none,lab_panel,5,0.17593496113670376,0.6984971688875643
B,xgboost,1_none,lab_panel,6,0.1629904591315195,0.6798416279960834
B,xgboost,1_none,lab_panel,7,0.17814352730452662,0.7234458139691521
B,xgboost,1_none,lab_panel,8,0.14339439610167823,0.7211618752236671
B,xgboost,1_none,lab_panel,9,0.10607232837637688,0.6633237334060428
B,xgboost,1_none,lab_panel,10,0.16252486994181284,0.7269871003448424
B,xgboost,1_none,lab_panel,11,0.11655290297752322,0.6505938950146877
B,xgboost,1_none,lab_panel,12,0.1296491907089045,0.682856806088772
B,xgboost,1_none,lab_panel,13,0.14915135539507904,0.6952420715393398
B,xgboost,1_none,lab_panel,14,0.12803827907874765,0.6560641434195056
B,xgboost,1_none,lab_panel,15,0.13448046360082477,0.6591085188811784
B,xgboost,1_none,lab_panel,16,0.13613451388336759,0.7017667844522968
B,xgboost,1_none,lab_panel,17,0.17910181244025158,0.7583686940122584
B,xgboost,1_none,lab_panel,18,0.15382352013921874,0.6877609447691757
B,xgboost,1_none,lab_panel,19,0.09389539650039673,0.6479610095260817
B,xgboost,1_none,lab_panel,20,0.1345803657110357,0.6997913917152709
B,xgboost,1_none,lab_panel,21,0.15071724516704701,0.7053258972284898
B,xgboost,1_none,lab_panel,22,0.11030488590789747,0.6755489324442648
B,xgboost,1_none,lab_panel,23,0.16497695975729434,0.6721766841055878
B,xgboost,1_none,lab_panel,24,0.143543137025688,0.7195259112830389
B,xgboost,5_SMOTENC,lab_values_dropped,0,0.12315454947009716,0.6501085614542977
B,xgboost,5_SMOTENC,lab_values_dropped,1,0.13410879448140678,0.7206096470688408
B,xgboost,5_SMOTENC,lab_values_dropped,2,0.16532870226127652,0.7028355896814171
B,xgboost,5_SMOTENC,lab_values_dropped,3,0.08983582988673555,0.6382559942741263
B,xgboost,5_SMOTENC,lab_values_dropped,4,0.12004038056096586,0.6703873485455258
B,xgboost,5_SMOTENC,lab_values_dropped,5,0.15957603510897708,0.7015283749840351
B,xgboost,5_SMOTENC,lab_values_dropped,6,0.11315561314831575,0.6227766188428626
B,xgboost,5_SMOTENC,lab_values_dropped,7,0.13094894773167276,0.6957718731056779
B,xgboost,5_SMOTENC,lab_values_dropped,8,0.11343264718342763,0.6955402941326836
B,xgboost,5_SMOTENC,lab_values_dropped,9,0.11411283319217436,0.6149179461836028
B,xgboost,5_SMOTENC,lab_values_dropped,10,0.11430340822081395,0.6998169355868705
B,xgboost,5_SMOTENC,lab_values_dropped,11,0.11822824737820567,0.6669334582144834
B,xgboost,5_SMOTENC,lab_values_dropped,12,0.10169177760033818,0.6396662625446219
B,xgboost,5_SMOTENC,lab_values_dropped,13,0.14168482704279284,0.6744261345239515
B,xgboost,5_SMOTENC,lab_values_dropped,14,0.1385600210122311,0.6481058604999915
B,xgboost,5_SMOTENC,lab_values_dropped,15,0.11275861389132083,0.6563923538677678
B,xgboost,5_SMOTENC,lab_values_dropped,16,0.13900380839733506,0.6901017497552046
B,xgboost,5_SMOTENC,lab_values_dropped,17,0.18742110213151156,0.7020189263824341
B,xgboost,5_SMOTENC,lab_values_dropped,18,0.13892224555204918,0.7114057360985668
B,xgboost,5_SMOTENC,lab_values_dropped,19,0.11456268314545076,0.6610487210511069
B,xgboost,5_SMOTENC,lab_values_dropped,20,0.1394727784729699,0.6816978159989783
B,xgboost,5_SMOTENC,lab_values_dropped,21,0.13684966773423396,0.6989654732002213
B,xgboost,5_SMOTENC,lab_values_dropped,22,0.10190578839474534,0.635077793493635
B,xgboost,5_SMOTENC,lab_values_dropped,23,0.12628563033453946,0.6979005129428606
B,xgboost,5_SMOTENC,lab_values_dropped,24,0.13343420565553854,0.6864998892316082
B,xgboost,5_SMOTENC,lab_panel,0,0.12263534465465083,0.6519392055855933
B,xgboost,5_SMOTENC,lab_panel,1,0.1375821165758724,0.7213759632168248
B,xgboost,5_SMOTENC,lab_panel,2,0.14866710841208472,0.6631053411463596
B,xgboost,5_SMOTENC,lab_panel,3,0.08482824963892285,0.6107769124588879
B,xgboost,5_SMOTENC,lab_panel,4,0.12720332164300038,0.6753889674681754
B,xgboost,5_SMOTENC,lab_panel,5,0.1542678793141673,0.691063902252118
B,xgboost,5_SMOTENC,lab_panel,6,0.09831743916734789,0.630729277534165
B,xgboost,5_SMOTENC,lab_panel,7,0.14178515865700833,0.6842291371994342
B,xgboost,5_SMOTENC,lab_panel,8,0.12120968428140948,0.6985992058758371
B,xgboost,5_SMOTENC,lab_panel,9,0.11989672771584736,0.5968712189635487
B,xgboost,5_SMOTENC,lab_panel,10,0.11082094383497901,0.6638085912554813
B,xgboost,5_SMOTENC,lab_panel,11,0.12677627797264873,0.6568095704372259
B,xgboost,5_SMOTENC,lab_panel,12,0.13725145399174019,0.6654290429042904
B,xgboost,5_SMOTENC,lab_panel,13,0.11257136470697068,0.6566179853785723
B,xgboost,5_SMOTENC,lab_panel,14,0.11917608599935128,0.6496736592764267
B,xgboost,5_SMOTENC,lab_panel,15,0.126831431237894,0.6744178125931287
B,xgboost,5_SMOTENC,lab_panel,16,0.10733072658333197,0.6834773723870747
B,xgboost,5_SMOTENC,lab_panel,17,0.16600884314292488,0.7066073954334209
B,xgboost,5_SMOTENC,lab_panel,18,0.1214317177484403,0.6821287980777424
B,xgboost,5_SMOTENC,lab_panel,19,0.08700874767987421,0.6357850070721357
B,xgboost,5_SMOTENC,lab_panel,20,0.13320693776298817,0.6869087658052706
B,xgboost,5_SMOTENC,lab_panel,21,0.13707336055205652,0.6875388479713909
B,xgboost,5_SMOTENC,lab_panel,22,0.10103364765836284,0.6433959722502862
B,xgboost,5_SMOTENC,lab_panel,23,0.13255489850534122,0.6930863482217413
B,xgboost,5_SMOTENC,lab_panel,24,0.12789851493448784,0.6692967059184405
B,lightgbm,1_none,lab_values_dropped,0,0.13363355395344192,0.6899825450210737
B,lightgbm,1_none,lab_values_dropped,1,0.15277950336455684,0.7003022691472603
B,lightgbm,1_none,lab_values_dropped,2,0.1522526372138269,0.6743618239374959
B,lightgbm,1_none,lab_values_dropped,3,0.11008424495456332,0.6417153763569128
B,lightgbm,1_none,lab_values_dropped,4,0.13235665576690037,0.6790017211703958
B,lightgbm,1_none,lab_values_dropped,5,0.14715584999824186,0.6731150751415556
B,lightgbm,1_none,lab_values_dropped,6,0.13420547717675396,0.6683213419047214
B,lightgbm,1_none,lab_values_dropped,7,0.15653499892406994,0.7020020879638985
B,lightgbm,1_none,lab_values_dropped,8,0.1526493321919416,0.720429099708594
B,lightgbm,1_none,lab_values_dropped,9,0.10904194400791112,0.6632385269508018
B,lightgbm,1_none,lab_values_dropped,10,0.1587210092722883,0.7020477670398909
B,lightgbm,1_none,lab_values_dropped,11,0.12998071860440485,0.6607007535442122
B,lightgbm,1_none,lab_values_dropped,12,0.1246785398113361,0.6787650703845894
B,lightgbm,1_none,lab_values_dropped,13,0.11949575131854313,0.6903512210085035
B,lightgbm,1_none,lab_values_dropped,14,0.11862299261999135,0.6266423544247712
B,lightgbm,1_none,lab_values_dropped,15,0.13198924792865319,0.6652475626889182
B,lightgbm,1_none,lab_values_dropped,16,0.12219743595922958,0.685563455234365
B,lightgbm,1_none,lab_values_dropped,17,0.1462323271110205,0.7183606115713612
B,lightgbm,1_none,lab_values_dropped,18,0.1421388890782723,0.688110291235664
B,lightgbm,1_none,lab_values_dropped,19,0.09699944880623985,0.6416301699016718
B,lightgbm,1_none,lab_values_dropped,20,0.11909126233866248,0.6761718251096258
B,lightgbm,1_none,lab_values_dropped,21,0.16284898586699004,0.7090893609774788
B,lightgbm,1_none,lab_values_dropped,22,0.1373891423205773,0.6625917693810198
B,lightgbm,1_none,lab_values_dropped,23,0.1492990137286,0.6955147321961113
B,lightgbm,1_none,lab_values_dropped,24,0.1661734658391711,0.7220991462313184
B,lightgbm,1_none,ordering_only,0,0.07336621530041203,0.5447486057303419
B,lightgbm,1_none,ordering_only,1,0.0690341420355862,0.5130571756992635
B,lightgbm,1_none,ordering_only,2,0.08083029878160784,0.5454384724186705
B,lightgbm,1_none,ordering_only,3,0.0960814652406673,0.6134055316030742
B,lightgbm,1_none,ordering_only,4,0.08693881849656408,0.5575441795470425
B,lightgbm,1_none,ordering_only,5,0.08752944063641352,0.5712503725147942
B,lightgbm,1_none,ordering_only,6,0.08222254449083266,0.5524628549533824
B,lightgbm,1_none,ordering_only,7,0.07880221951565687,0.548040008082441
B,lightgbm,1_none,ordering_only,8,0.07284103728113764,0.5462202416455071
B,lightgbm,1_none,ordering_only,9,0.08935509100378883,0.5204026857074692
B,lightgbm,1_none,ordering_only,10,0.05866585456815388,0.4990250755672867
B,lightgbm,1_none,ordering_only,11,0.09773285163863035,0.5868704499978714
B,lightgbm,1_none,ordering_only,12,0.0750357924605933,0.5244872701555869
B,lightgbm,1_none,ordering_only,13,0.0711652965302631,0.48417290093897514
B,lightgbm,1_none,ordering_only,14,0.07615799055311302,0.5632998755985754
B,lightgbm,1_none,ordering_only,15,0.07513712801044319,0.5433947805355699
B,lightgbm,1_none,ordering_only,16,0.08820578738400514,0.5495380816552429
B,lightgbm,1_none,ordering_only,17,0.0771768385857752,0.5512014211625245
B,lightgbm,1_none,ordering_only,18,0.07625147809855104,0.5708875104377908
B,lightgbm,1_none,ordering_only,19,0.08063070931217922,0.5532795964622279
B,lightgbm,1_none,ordering_only,20,0.08345537698979581,0.6001362339818639
B,lightgbm,1_none,ordering_only,21,0.0717804314455781,0.5373664268380944
B,lightgbm,1_none,ordering_only,22,0.12974121425345897,0.624688489257089
B,lightgbm,1_none,ordering_only,23,0.07543103270893588,0.5261754230500503
B,lightgbm,1_none,ordering_only,24,0.08801360092093309,0.553530955505189
B,lightgbm,1_none,values_only,0,0.09791889730922745,0.4576227170164757
B,lightgbm,1_none,values_only,1,0.06758232072249527,0.49269445272255097
B,lightgbm,1_none,values_only,2,0.06289092325462842,0.5252113221526234
B,lightgbm,1_none,values_only,3,0.05856510633867844,0.47095311940832635
B,lightgbm,1_none,values_only,4,0.05373564460042587,0.4739523866328113
B,lightgbm,1_none,values_only,5,0.06008127924245267,0.4872961811911959
B,lightgbm,1_none,values_only,6,0.05407971319251757,0.4775554514879305
B,lightgbm,1_none,values_only,7,0.05893574596813269,0.4758494982151276
B,lightgbm,1_none,values_only,8,0.06327049279566432,0.4923612412876399
B,lightgbm,1_none,values_only,9,0.05980178051900051,0.5084141374550536
B,lightgbm,1_none,values_only,10,0.04605087063731109,0.410724168759845
B,lightgbm,1_none,values_only,11,0.06706332695671935,0.5009749244327132
B,lightgbm,1_none,values_only,12,0.10254242285787483,0.5544596551491884
B,lightgbm,1_none,values_only,13,0.06396523334648238,0.5020918184761678
B,lightgbm,1_none,values_only,14,0.064879936653586,0.5003152638843918
B,lightgbm,1_none,values_only,15,0.08490163871723069,0.5475243731108179
B,lightgbm,1_none,values_only,16,0.07123102796197665,0.5462471795308442
B,lightgbm,1_none,values_only,17,0.058589674005383625,0.4393353876203947
B,lightgbm,1_none,values_only,18,0.07154453240149611,0.4676598899132598
B,lightgbm,1_none,values_only,19,0.08755908559243021,0.556858267582352
B,lightgbm,1_none,values_only,20,0.05330933316027898,0.45255651581591383
B,lightgbm,1_none,values_only,21,0.05757774203090977,0.4869257950530035
B,lightgbm,1_none,values_only,22,0.06418964571802258,0.4966407355021216
B,lightgbm,1_none,values_only,23,0.07688089072258672,0.5347727543838721
B,lightgbm,1_none,values_only,24,0.0676576038692808,0.5178422317274757
B,lightgbm,1_none,lab_panel,0,0.1353784404693563,0.662156754225382
B,lightgbm,1_none,lab_panel,1,0.15987437534561194,0.6994848652560773
B,lightgbm,1_none,lab_panel,2,0.14670114684541438,0.661817202128376
B,lightgbm,1_none,lab_panel,3,0.09967691462750838,0.6592338235544726
B,lightgbm,1_none,lab_panel,4,0.1109764937822715,0.6625313133723012
B,lightgbm,1_none,lab_panel,5,0.16392153971718773,0.6879134914215164
B,lightgbm,1_none,lab_panel,6,0.14455066649375853,0.6775767380475967
B,lightgbm,1_none,lab_panel,7,0.17661353619480438,0.7220229676028828
B,lightgbm,1_none,lab_panel,8,0.13462003701133762,0.6993575433274825
B,lightgbm,1_none,lab_panel,9,0.15328421631415923,0.6495714115301375
B,lightgbm,1_none,lab_panel,10,0.13956026588717693,0.7131763804333944
B,lightgbm,1_none,lab_panel,11,0.11899112299040981,0.6387159947209331
B,lightgbm,1_none,lab_panel,12,0.143380886997663,0.6640061965380211
B,lightgbm,1_none,lab_panel,13,0.12489288958269712,0.6591741790358038
B,lightgbm,1_none,lab_panel,14,0.11184797934629646,0.6189396908709803
B,lightgbm,1_none,lab_panel,15,0.12468124391985964,0.6231257184213888
B,lightgbm,1_none,lab_panel,16,0.11652538903691269,0.6921282302354294
B,lightgbm,1_none,lab_panel,17,0.12073860408460445,0.7134522125681957
B,lightgbm,1_none,lab_panel,18,0.16631498985730167,0.7052964332577836
B,lightgbm,1_none,lab_panel,19,0.09588495709136946,0.6189652528075528
B,lightgbm,1_none,lab_panel,20,0.12080952982608559,0.676018561880029
B,lightgbm,1_none,lab_panel,21,0.16345596049072855,0.6806249733918004
B,lightgbm,1_none,lab_panel,22,0.10772534174926593,0.635145147167778
B,lightgbm,1_none,lab_panel,23,0.15594090368057822,0.6909476661951909
B,lightgbm,1_none,lab_panel,24,0.13465706006895853,0.6921149946319933
B,lightgbm,5_SMOTENC,lab_values_dropped,0,0.10781724693953262,0.6229469113201924
B,lightgbm,5_SMOTENC,lab_values_dropped,1,0.11323843184892907,0.6855379113627655
B,lightgbm,5_SMOTENC,lab_values_dropped,2,0.1352463841131452,0.6684178621943827
B,lightgbm,5_SMOTENC,lab_values_dropped,3,0.08567690358829448,0.6272047170293621
B,lightgbm,5_SMOTENC,lab_values_dropped,4,0.10972702751693512,0.6544622620609737
B,lightgbm,5_SMOTENC,lab_values_dropped,5,0.14127476069139117,0.6714632381114565
B,lightgbm,5_SMOTENC,lab_values_dropped,6,0.09820444495359154,0.6140065562603771
B,lightgbm,5_SMOTENC,lab_values_dropped,7,0.1320404124199769,0.6481023102310232
B,lightgbm,5_SMOTENC,lab_values_dropped,8,0.11445468605292733,0.6938191237368143
B,lightgbm,5_SMOTENC,lab_values_dropped,9,0.08551664667896966,0.5937356214106781
B,lightgbm,5_SMOTENC,lab_values_dropped,10,0.1295211223202248,0.6868065903188727
B,lightgbm,5_SMOTENC,lab_values_dropped,11,0.11621528031086904,0.6398484396951765
B,lightgbm,5_SMOTENC,lab_values_dropped,12,0.10995094967051715,0.6487842661817202
B,lightgbm,5_SMOTENC,lab_values_dropped,13,0.12413364268917033,0.6366285509790222
B,lightgbm,5_SMOTENC,lab_values_dropped,14,0.1563469812689986,0.6279289718989111
B,lightgbm,5_SMOTENC,lab_values_dropped,15,0.09828380173033177,0.6306781897909659
B,lightgbm,5_SMOTENC,lab_values_dropped,16,0.1358256662042804,0.6888330707990974
B,lightgbm,5_SMOTENC,lab_values_dropped,17,0.17347147525451376,0.7003771805752004
B,lightgbm,5_SMOTENC,lab_values_dropped,18,0.12157207097281367,0.6843782484961061
B,lightgbm,5_SMOTENC,lab_values_dropped,19,0.09633057397668596,0.6271195105741211
B,lightgbm,5_SMOTENC,lab_values_dropped,20,0.12611547850283827,0.6610753969943378
B,lightgbm,5_SMOTENC,lab_values_dropped,21,0.12207119936124643,0.6719826301673124
B,lightgbm,5_SMOTENC,lab_values_dropped,22,0.08531005374066844,0.6061241328214454
B,lightgbm,5_SMOTENC,lab_values_dropped,23,0.1359925512132979,0.6827678464920502
B,lightgbm,5_SMOTENC,lab_values_dropped,24,0.12730027518555395,0.6577938344608987
B,lightgbm,5_SMOTENC,lab_panel,0,0.11956135517815189,0.6373281110306953
B,lightgbm,5_SMOTENC,lab_panel,1,0.133902531287525,0.707599301800843
B,lightgbm,5_SMOTENC,lab_panel,2,0.13972440357285662,0.6526486832356706
B,lightgbm,5_SMOTENC,lab_panel,3,0.09920205115092123,0.6275285015592782
B,lightgbm,5_SMOTENC,lab_panel,4,0.10614390322290143,0.6379833336173549
B,lightgbm,5_SMOTENC,lab_panel,5,0.1429281042895641,0.6585039805866576
B,lightgbm,5_SMOTENC,lab_panel,6,0.1083102374182691,0.6194133424155988
B,lightgbm,5_SMOTENC,lab_panel,7,0.13545765639370938,0.6340674883814912
B,lightgbm,5_SMOTENC,lab_panel,8,0.12726269496200274,0.6882040183364292
B,lightgbm,5_SMOTENC,lab_panel,9,0.09337272553889175,0.588129036655817
B,lightgbm,5_SMOTENC,lab_panel,10,0.11712048253133092,0.6601558176167568
B,lightgbm,5_SMOTENC,lab_panel,11,0.12998379264700996,0.6491719528289838
B,lightgbm,5_SMOTENC,lab_panel,12,0.13554047611538403,0.6498198289216677
B,lightgbm,5_SMOTENC,lab_panel,13,0.11883385250348552,0.6145089551984458
B,lightgbm,5_SMOTENC,lab_panel,14,0.13957286897382087,0.6375743426321977
B,lightgbm,5_SMOTENC,lab_panel,15,0.1402480246919135,0.6645493635318659
B,lightgbm,5_SMOTENC,lab_panel,16,0.1096008972088058,0.6759930180084295
B,lightgbm,5_SMOTENC,lab_panel,17,0.18113907432005044,0.6619771671044656
B,lightgbm,5_SMOTENC,lab_panel,18,0.11041888709252395,0.6497247831495715
B,lightgbm,5_SMOTENC,lab_panel,19,0.08860431389988871,0.6130263628772517
B,lightgbm,5_SMOTENC,lab_panel,20,0.13180903913893974,0.6410404870364852
B,lightgbm,5_SMOTENC,lab_panel,21,0.14016387008201608,0.6712248286431948
B,lightgbm,5_SMOTENC,lab_panel,22,0.07827488488017087,0.5859096113693002
B,lightgbm,5_SMOTENC,lab_panel,23,0.13578787819064408,0.6875479286310731
B,lightgbm,5_SMOTENC,lab_panel,24,0.12493939544371148,0.6474497707946354
